,Unnamed: 0,date,open,close,high,low,volumme
0,0.0,2021-12-08,5.1463,5.1232,5.1463,5.1232,0
1,1.0,2021-12-09,5.0954,5.1008,5.1008,5.0954,0
2,2.0,2021-12-10,5.0971,5.0706,5.0971,5.0706,0
3,3.0,2021-12-13,5.0918,5.0286,5.0918,5.0286,0
4,4.0,2021-12-14,5.0638,5.0684,5.0684,5.0638,0
5,5.0,2021-12-15,5.0889,5.0292,5.0889,5.0292,0
6,6.0,2021-12-16,5.0829,5.103,5.103,5.0829,0
7,7.0,2021-12-17,5.0727,5.0364,5.0727,5.0364,0
8,8.0,2021-12-20,4.9396,4.9837,4.9837,4.9396,0
9,9.0,2021-12-21,5.0482,5.1082,5.1082,5.0482,0
10,10.0,2021-12-22,5.1014,5.1385,5.1385,5.1014,0
11,11.0,2021-12-23,5.1606,5.2097,5.2097,5.1606,0
12,12.0,2021-12-24,5.1976,5.2033,5.2033,5.1976,0
13,13.0,2021-12-27,5.1811,5.2373,5.2373,5.1811,0
14,14.0,2021-12-28,5.2554,5.2719,5.2719,5.2554,0
15,15.0,2021-12-29,5.2676,5.2646,5.2676,5.2646,0
16,16.0,2021-12-30,5.2634,5.2672,5.2672,5.2634,0
17,17.0,2021-12-31,5.258,5.258,5.258,5.258,0
18,18.0,2022-01-03,5.2911,5.3267,5.3267,5.2911,0
19,19.0,2022-01-04,5.3661,5.4784,5.4784,5.3661,0
20,20.0,2022-01-05,5.504,5.5064,5.5064,5.504,200
21,21.0,2022-01-06,5.4695,5.5396,5.5396,5.4695,0
22,22.0,2022-01-07,5.5756,5.6068,5.6068,5.5756,0
23,23.0,2022-01-10,5.6316,5.5959,5.6316,5.5959,0
24,24.0,2022-01-11,5.5816,5.6122,5.6122,5.5816,0
25,25.0,2022-01-12,5.6435,5.675,5.675,5.6435,0
26,26.0,2022-01-13,5.6664,5.7349,5.7349,5.6664,0
27,27.0,2022-01-14,5.7088,5.7155,5.7155,5.7088,0
28,28.0,2022-01-17,5.7537,5.7345,5.7537,5.7345,0
29,29.0,2022-01-18,5.7081,5.6979,5.7081,5.6979,0
30,30.0,2022-01-19,5.6931,5.626,5.6931,5.626,0
31,31.0,2022-01-20,5.601,5.5963,5.601,5.5963,0
32,32.0,2022-01-21,5.5282,5.4892,5.5282,5.4892,0
33,33.0,2022-01-24,5.4766,5.2774,5.4766,5.2774,0
34,34.0,2022-01-25,5.3375,5.4074,5.4074,5.3375,0
35,35.0,2022-01-26,5.4768,5.5602,5.5602,5.4768,273
36,36.0,2022-01-27,5.5314,5.6292,5.6292,5.5314,0
37,37.0,2022-01-28,5.6033,5.567,5.6033,5.567,8000
38,38.0,2022-01-31,5.6314,5.5764,5.6314,5.5764,0
39,39.0,2022-02-01,5.6153,5.6946,5.6946,5.6153,0
40,40.0,2022-02-02,5.7091,5.7312,5.7312,5.7091,0
41,41.0,2022-02-03,5.7191,5.7799,5.7943,5.7191,2500
42,42.0,2022-02-04,5.8436,5.7773,5.8436,5.7773,2600
43,43.0,2022-02-07,5.8147,5.8404,5.8404,5.8147,0
44,44.0,2022-02-08,5.8336,5.9768,5.9768,5.8336,0
45,45.0,2022-02-09,5.9721,6.0542,6.0664,5.9721,12350
46,46.0,2022-02-10,6.0718,6.074,6.074,6.0718,0
47,47.0,2022-02-11,6.0036,6.0027,6.0041,5.9688,13844
48,48.0,2022-02-14,5.7676,5.7705,5.7705,5.7658,350
49,49.0,2022-02-15,5.7636,5.8821,5.8821,5.7636,0
50,50.0,2022-02-16,5.9021,5.8125,5.9055,5.763,200
51,51.0,2022-02-17,5.8304,5.777,5.8304,5.777,20
52,52.0,2022-02-18,5.7405,5.6977,5.7405,5.6977,0
53,53.0,2022-02-21,5.7275,5.6044,5.7333,5.6044,25
54,54.0,2022-02-22,5.3944,5.5716,5.5716,5.3944,240
55,55.0,2022-02-23,5.6123,5.4975,5.6123,5.4975,0
56,56.0,2022-02-24,5.2488,5.0356,5.2488,5.0356,1500
57,57.0,2022-02-25,5.0863,5.2156,5.2156,5.0863,0
58,58.0,2022-02-28,4.977,4.9231,4.977,4.8433,2102
59,59.0,2022-03-01,4.9025,4.5959,4.9025,4.5959,2059
60,60.0,2022-03-02,4.4723,4.6497,4.6497,4.4723,0
61,61.0,2022-03-03,4.7233,4.6048,4.7233,4.6048,215
62,62.0,2022-03-04,4.4908,4.2616,4.4908,4.2616,1207
63,63.0,2022-03-07,4.032,4.0813,4.0813,3.9,256
64,64.0,2022-03-08,4.0518,4.1549,4.2363,4.0518,500
65,65.0,2022-03-09,4.4045,4.5554,4.5554,4.4045,702
66,66.0,2022-03-10,4.5509,4.4287,4.5509,4.4287,25
67,67.0,2022-03-11,4.4637,4.4369,4.4637,4.4138,25
68,68.0,2022-03-14,4.5146,4.5905,4.5905,4.5146,200
69,69.0,2022-03-15,4.5342,4.6173,4.6173,4.5084,30
70,70.0,2022-03-16,4.7537,4.8903,4.9566,4.7537,809
71,71.0,2022-03-17,4.9258,4.8067,4.9258,4.77,235
72,72.0,2022-03-18,4.8065,4.8225,4.8225,4.76,32871
73,73.0,2022-03-21,4.8331,4.7999,4.8599,4.7999,57
74,74.0,2022-03-22,4.8341,4.8909,4.9226,4.8341,110056
75,75.0,2022-03-23,4.8847,4.7917,4.8847,4.7917,230
76,76.0,2022-03-24,4.7806,4.7125,4.7806,4.7125,14601
77,77.0,2022-03-25,4.6919,4.7061,4.7316,4.6841,57962
78,78.0,2022-03-28,4.7374,4.731,4.817,4.731,15116
79,79.0,2022-03-29,4.8143,5.0032,5.0032,4.81,13295
80,80.0,2022-03-30,4.9606,4.9043,4.9606,4.9043,524
81,81.0,2022-03-31,4.9204,4.7878,4.9204,4.7878,30
82,82.0,2022-04-01,4.8061,4.8518,4.8791,4.8061,22021
83,83.0,2022-04-04,4.8386,4.8444,4.8444,4.7925,914
84,84.0,2022-04-05,4.8171,4.7463,4.8171,4.7273,2302
85,85.0,2022-04-06,4.77,4.5987,4.77,4.5677,1862
86,86.0,2022-04-07,4.6382,4.5695,4.64,4.5695,150
87,87.0,2022-04-08,4.631,4.6851,4.6851,4.631,26
88,88.0,2022-04-11,4.7359,4.7065,4.7632,4.7065,200
89,89.0,2022-04-12,4.5674,4.6415,4.6481,4.5674,9303
90,90.0,2022-04-13,4.6302,4.6461,4.6522,4.6302,10125
91,91.0,2022-04-14,4.6734,4.6926,4.6926,4.6734,0
92,92.0,2022-04-19,4.6949,4.7245,4.7245,4.6949,6
93,93.0,2022-04-20,4.7566,4.8233,4.8507,4.7566,100
94,94.0,2022-04-21,4.8296,4.8905,4.9188,4.8296,1075
95,95.0,2022-04-22,4.8447,4.804,4.8575,4.804,136
96,96.0,2022-04-25,4.6902,4.6744,4.72,4.6744,43947
97,97.0,2022-04-26,4.7532,4.5835,4.7532,4.5835,100
98,98.0,2022-04-27,4.5662,4.5583,4.5662,4.5583,0
99,99.0,2022-04-28,4.6047,4.5388,4.6047,4.5388,15301
100,100.0,2022-04-29,4.5838,4.6121,4.6121,4.58,75
101,101.0,2022-05-02,4.6007,4.5281,4.6007,4.516,744
102,102.0,2022-05-03,4.5707,4.6447,4.6447,4.5707,275
103,103.0,2022-05-04,4.6518,4.5709,4.6518,4.5709,100
104,104.0,2022-05-05,4.6551,4.509,4.6551,4.509,75
105,105.0,2022-05-06,4.5051,4.4247,4.5051,4.4247,225
106,106.0,2022-05-09,4.4303,4.3467,4.4303,4.3467,283
107,107.0,2022-05-10,4.3957,4.3933,4.48,4.3933,4
108,108.0,2022-05-11,4.4174,4.5172,4.5172,4.4174,1060
109,109.0,2022-05-12,4.4223,4.507,4.507,4.4223,166
110,110.0,2022-05-13,4.5592,4.5949,4.5949,4.5584,1107
111,111.0,2022-05-16,4.5663,4.5758,4.595,4.5663,91
112,112.0,2022-05-17,4.6291,4.6905,4.6971,4.6291,413
113,113.0,2022-05-18,4.6938,4.6704,4.72,4.6704,7479
114,114.0,2022-05-19,4.6411,4.6769,4.6769,4.6093,60
115,115.0,2022-05-20,4.7142,4.6721,4.7142,4.6721,0
116,116.0,2022-05-23,4.7355,4.8502,4.8502,4.7355,0
117,117.0,2022-05-24,4.8051,4.8584,4.8597,4.8051,690
118,118.0,2022-05-25,4.9202,4.9484,4.9484,4.9202,5
119,119.0,2022-05-26,4.944,5.0155,5.0193,4.92,280
120,120.0,2022-05-27,5.0159,5.0288,5.0288,5.0,220
121,121.0,2022-05-30,5.085,5.1008,5.1008,5.0601,313
122,122.0,2022-05-31,5.1013,5.0145,5.1013,5.0145,0
123,123.0,2022-06-01,5.0752,4.9739,5.0752,4.9739,100
124,124.0,2022-06-02,5.0053,4.9682,5.0053,4.9682,439
125,125.0,2022-06-03,5.0068,4.9398,5.0068,4.9398,0
126,126.0,2022-06-06,5.0091,5.0523,5.0682,5.0091,59
127,127.0,2022-06-07,5.0348,5.0004,5.0348,5.0004,0
128,128.0,2022-06-08,4.9921,4.964,4.9921,4.964,150
129,129.0,2022-06-09,4.9489,4.8804,4.9489,4.8804,121
130,130.0,2022-06-10,4.8374,4.584,4.8374,4.5813,1966
131,131.0,2022-06-13,4.5092,4.437,4.5092,4.437,880
132,132.0,2022-06-14,4.5135,4.484,4.5135,4.478,1318
133,133.0,2022-06-15,4.6335,4.5998,4.64,4.5998,230
134,134.0,2022-06-16,4.5745,4.4915,4.5745,4.4648,16319
135,135.0,2022-06-17,4.5195,4.5531,4.6526,4.5195,229
136,136.0,2022-06-20,4.5699,4.6747,4.6747,4.5699,15301
137,137.0,2022-06-21,4.7115,4.7333,4.7804,4.7115,263
138,138.0,2022-06-22,4.6373,4.7271,4.7271,4.6373,0
139,139.0,2022-06-23,4.7319,4.5237,4.7319,4.5237,7415
140,140.0,2022-06-24,4.5508,4.6051,4.6123,4.486,270
141,141.0,2022-06-27,4.6412,4.5998,4.6412,4.5998,3400
142,142.0,2022-06-28,4.6357,4.6073,4.6357,4.6073,0
143,143.0,2022-06-29,4.5747,4.5367,4.5747,4.5367,0
144,144.0,2022-06-30,4.4694,4.3898,4.4694,4.3593,1063
145,145.0,2022-07-01,4.3374,4.3709,4.3709,4.3374,30
146,146.0,2022-07-04,4.3645,4.3518,4.3645,4.3518,0
147,147.0,2022-07-05,4.3946,4.2035,4.3946,4.2035,240
148,148.0,2022-07-06,4.2601,4.1647,4.263,4.1647,309
149,149.0,2022-07-07,4.231,4.2974,4.2974,4.231,0
150,150.0,2022-07-08,4.3022,4.3747,4.3747,4.3022,0
151,151.0,2022-07-11,4.2791,4.2705,4.283,4.2705,150
152,152.0,2022-07-12,4.2399,4.2158,4.2399,4.1438,440
153,153.0,2022-07-13,4.2092,4.1512,4.2092,4.1512,90
154,154.0,2022-07-14,4.1285,4.0061,4.1429,4.0061,2078
155,155.0,2022-07-15,3.9994,4.0585,4.0585,3.9994,100
156,156.0,2022-07-18,4.0997,4.1382,4.167,4.0997,860
157,157.0,2022-07-19,4.1357,4.3081,4.315,4.1357,500
158,158.0,2022-07-20,4.3687,4.2755,4.38,4.2755,64
159,159.0,2022-07-21,4.19,4.2745,4.3341,4.19,184
160,160.0,2022-07-22,4.2819,4.2018,4.2819,4.2,734
161,161.0,2022-07-25,4.2119,4.2648,4.2879,4.21,32678
162,162.0,2022-07-26,4.2471,4.2301,4.2471,4.2299,360
163,163.0,2022-07-27,4.2859,4.2824,4.2859,4.2478,904
164,164.0,2022-07-28,4.2995,4.2969,4.2995,4.2931,32
165,165.0,2022-07-29,4.3693,4.3753,4.3805,4.3587,1514
166,166.0,2022-08-01,4.3925,4.3551,4.4363,4.3551,1575
167,167.0,2022-08-02,4.3467,4.3665,4.3665,4.3331,570
168,168.0,2022-08-03,4.3762,4.4413,4.4413,4.3573,197
169,169.0,2022-08-04,4.4456,4.4796,4.4969,4.4456,1307
170,170.0,2022-08-05,4.4794,4.5312,4.5312,4.4794,32
171,171.0,2022-08-08,4.5748,4.5496,4.5748,4.5223,120
172,172.0,2022-08-09,4.544,4.5409,4.544,4.5327,300
173,173.0,2022-08-10,4.5371,4.5897,4.5897,4.5371,0
174,174.0,2022-08-11,4.6036,4.6039,4.6039,4.6036,2
175,175.0,2022-08-12,4.6218,4.6571,4.658,4.6218,400
176,176.0,2022-08-15,4.6575,4.6335,4.6575,4.6335,0
177,177.0,2022-08-16,4.65,4.6527,4.6796,4.65,1692
178,178.0,2022-08-17,4.689,4.5909,4.689,4.5909,120
179,179.0,2022-08-18,4.5942,4.5778,4.5942,4.57,120
180,180.0,2022-08-19,4.5455,4.4558,4.5455,4.4558,30
181,181.0,2022-08-22,4.4347,4.3446,4.4347,4.3102,534
182,182.0,2022-08-23,4.3406,4.374,4.374,4.34,150
183,183.0,2022-08-24,4.3737,4.3735,4.3737,4.35,120
184,184.0,2022-08-25,4.4001,4.3453,4.4001,4.3453,0
185,185.0,2022-08-26,4.3596,4.2694,4.4024,4.2694,6725
186,186.0,2022-08-29,4.2515,4.2716,4.2716,4.245,180
187,187.0,2022-08-30,4.2879,4.3292,4.3521,4.2879,390
188,188.0,2022-08-31,4.3607,4.3407,4.3607,4.3315,146
189,189.0,2022-09-01,4.3182,4.2742,4.3182,4.2742,0
190,190.0,2022-09-02,4.3064,4.401,4.401,4.3064,624
191,191.0,2022-09-05,4.3016,4.3209,4.3209,4.3016,100
192,192.0,2022-09-06,4.3442,4.3437,4.3442,4.3437,0
193,193.0,2022-09-07,4.3099,4.3198,4.3198,4.3005,1288
194,194.0,2022-09-08,4.3679,4.4585,4.4585,4.3679,0
195,195.0,2022-09-09,4.5315,4.6001,4.625,4.5315,3300
196,196.0,2022-09-12,4.6745,4.7574,4.7608,4.6745,2434
197,197.0,2022-09-13,4.783,4.707,4.783,4.707,747
198,198.0,2022-09-14,4.6901,4.7277,4.76,4.6901,1500
199,199.0,2022-09-15,4.7656,4.8194,4.8194,4.7656,2
200,200.0,2022-09-16,4.7616,4.7362,4.7616,4.7362,919
201,201.0,2022-09-19,4.6951,4.7313,4.7313,4.6865,10600
202,202.0,2022-09-20,4.7753,4.6915,4.8062,4.6915,682
203,203.0,2022-09-21,4.641,4.668,4.668,4.641,0
204,204.0,2022-09-22,4.6068,4.7133,4.7133,4.6,400
205,205.0,2022-09-23,4.6751,4.5557,4.6751,4.5557,566
206,206.0,2022-09-26,4.5308,4.508,4.5329,4.508,15301
207,207.0,2022-09-27,4.5595,4.4105,4.5595,4.4105,0
208,208.0,2022-09-28,4.377,4.3187,4.377,4.2519,31748
209,209.0,2022-09-29,4.2823,4.2185,4.2823,4.2185,1475
210,210.0,2022-09-30,4.2668,4.2966,4.3046,4.2668,94
211,211.0,2022-10-03,4.2277,4.3425,4.3425,4.207,90
212,212.0,2022-10-04,4.4227,4.5365,4.5365,4.4227,62
213,213.0,2022-10-05,4.5304,4.4431,4.5304,4.4431,0
214,214.0,2022-10-06,4.4694,4.3934,4.47,4.3934,20832
215,215.0,2022-10-07,4.4091,4.371,4.4091,4.371,0
216,216.0,2022-10-10,4.3515,4.3728,4.3728,4.3515,118
217,217.0,2022-10-11,4.3091,4.3208,4.324,4.3091,120
218,218.0,2022-10-12,4.3079,4.2984,4.31,4.2842,180
219,219.0,2022-10-13,4.2604,4.4089,4.4089,4.2604,0
220,220.0,2022-10-14,4.4938,4.53,4.53,4.47,336
221,221.0,2022-10-17,4.4946,4.5394,4.552,4.4644,1121
222,222.0,2022-10-18,4.5922,4.607,4.6366,4.5922,4469
223,223.0,2022-10-19,4.6345,4.6112,4.6409,4.6112,60
224,224.0,2022-10-20,4.6021,4.6612,4.6612,4.6021,0
225,225.0,2022-10-21,4.6335,4.6589,4.6589,4.5871,4531
226,226.0,2022-10-24,4.7624,4.7433,4.7624,4.7227,8914
227,227.0,2022-10-25,4.7726,4.7748,4.7748,4.7329,523
228,228.0,2022-10-26,4.7778,4.7666,4.7778,4.7594,7998
229,229.0,2022-10-27,4.7506,4.797,4.797,4.7506,0
230,230.0,2022-10-28,4.7511,4.7856,4.7856,4.7469,15120
231,231.0,2022-10-31,4.8022,4.8039,4.8222,4.7964,3627
232,232.0,2022-11-01,4.8511,4.8424,4.8881,4.8424,1026
233,233.0,2022-11-02,4.8905,4.8389,4.8905,4.8359,3348
234,234.0,2022-11-03,4.8465,4.89,4.89,4.8465,0
235,235.0,2022-11-04,4.9425,4.995,5.0214,4.9425,3979
236,236.0,2022-11-07,4.9669,5.0253,5.0401,4.9669,2400
237,237.0,2022-11-08,5.0155,5.0265,5.0265,5.0155,0
238,238.0,2022-11-09,5.0287,4.9793,5.0401,4.9793,2
239,239.0,2022-11-10,4.9504,4.9873,4.9873,4.9504,0
240,240.0,2022-11-11,4.9769,5.0018,5.0175,4.9769,3792
241,241.0,2022-11-14,5.0419,5.0405,5.0419,5.0405,0
242,242.0,2022-11-15,5.0761,5.0943,5.0943,5.0588,1
243,243.0,2022-11-16,5.1007,5.0632,5.1007,5.0632,6900
244,244.0,2022-11-17,5.082,5.0604,5.082,5.0604,0
245,245.0,2022-11-18,5.0822,5.1393,5.1393,5.0822,0
246,246.0,2022-11-21,5.1572,5.1475,5.1572,5.1318,4929
247,247.0,2022-11-22,5.1657,5.1986,5.1986,5.1657,4687
248,248.0,2022-11-23,5.2026,5.2029,5.2082,5.1896,1738
249,249.0,2022-11-24,5.2259,5.2366,5.2366,5.2259,1
250,250.0,2022-11-25,5.2627,5.2514,5.2627,5.2505,1484
251,251.0,2022-11-28,5.2177,5.2177,5.2177,5.2177,0
252,252.0,2022-11-29,5.1819,5.1783,5.1819,5.1712,600
253,253.0,2022-11-30,5.261,5.2136,5.261,5.2136,1482
254,254.0,2022-12-01,5.2513,5.2261,5.2513,5.2261,5043
255,255.0,2022-12-02,5.132,5.12,5.132,5.12,5053
256,256.0,2022-12-05,5.1508,5.1832,5.1832,5.1508,155
257,257.0,2022-12-06,5.1245,5.119,5.13,5.119,100
258,258.0,2022-12-07,5.1435,5.1435,5.1435,5.1435,0
259,259.0,2022-12-08,5.1193,5.1036,5.1194,5.1036,139
260,260.0,2022-12-09,5.1254,5.1219,5.1254,5.1219,10500
261,261.0,2022-12-12,5.1191,5.1236,5.1236,5.1,600
262,262.0,2022-12-13,5.1244,5.1712,5.1712,5.1244,2000
263,263.0,2022-12-14,5.1882,5.1882,5.1882,5.1882,0
264,264.0,2022-12-15,5.1355,5.017,5.1355,5.017,60
265,265.0,2022-12-16,5.0254,5.0427,5.046,5.0254,40
266,266.0,2022-12-19,5.1172,5.123,5.123,5.1153,150
267,267.0,2022-12-20,5.0722,5.11,5.11,5.0722,220
268,268.0,2022-12-21,5.2292,5.2292,5.2292,5.2292,0
269,269.0,2022-12-22,5.3347,5.3427,5.3427,5.3347,187
270,270.0,2022-12-23,5.3151,5.3177,5.3177,5.3151,1000
271,271.0,2022-12-27,5.3435,5.3324,5.3435,5.327,15440
272,272.0,2022-12-28,5.3218,5.3218,5.3218,5.3218,0
273,273.0,2022-12-29,5.2695,5.2718,5.2718,5.2695,100
274,274.0,2022-12-30,5.2979,5.2979,5.2979,5.2979,0
275,275.0,2023-01-02,5.3297,5.3733,5.3733,5.3297,62
276,276.0,2023-01-03,5.3891,5.4714,5.4714,5.3891,33
277,277.0,2023-01-04,5.5247,5.6678,5.6678,5.5247,1450
278,278.0,2023-01-05,5.6161,5.6881,5.6881,5.6161,35
279,279.0,2023-01-06,5.6932,5.71,5.71,5.6932,2
280,280.0,2023-01-09,5.7471,5.7471,5.7471,5.7471,7850
281,281.0,2023-01-10,5.7001,5.7154,5.7154,5.7,1270
282,282.0,2023-01-11,5.7264,5.7192,5.7264,5.7192,687
283,283.0,2023-01-12,5.7396,5.7851,5.7851,5.7396,120
284,284.0,2023-01-13,5.7846,5.8055,5.8121,5.7846,9470
285,285.0,2023-01-16,5.8256,5.8002,5.8256,5.8,1700
286,286.0,2023-01-17,5.8016,5.7572,5.8016,5.7397,11639
287,287.0,2023-01-18,5.7991,5.83,5.83,5.7991,968
288,288.0,2023-01-19,5.738,5.6877,5.738,5.6877,20
289,289.0,2023-01-20,5.7501,5.7532,5.7647,5.7501,325
290,290.0,2023-01-23,5.822,5.8311,5.8311,5.8111,69
291,291.0,2023-01-24,5.8388,5.8192,5.8388,5.8124,360
292,292.0,2023-01-25,5.8535,5.8187,5.8535,5.8187,16
293,293.0,2023-01-26,5.9114,5.9114,5.9114,5.9114,0
294,294.0,2023-01-27,6.0098,5.9914,6.0098,5.976,200
295,295.0,2023-01-30,6.0172,6.0137,6.0172,6.0137,1100
296,296.0,2023-01-31,6.1123,6.1123,6.1123,6.06,1391
297,297.0,2023-02-01,6.152,6.2041,6.2041,6.152,3299
298,298.0,2023-02-02,6.1797,6.138,6.2098,6.0966,3550
299,299.0,2023-02-03,6.1371,6.147,6.1515,6.0728,142
300,300.0,2023-02-06,6.0991,6.1098,6.1098,6.0774,117
301,301.0,2023-02-07,6.1245,6.1826,6.1826,6.1245,212
302,302.0,2023-02-08,6.2186,6.2335,6.2335,6.2186,8920
303,303.0,2023-02-09,6.2561,6.3122,6.3348,6.2561,1667
304,304.0,2023-02-10,6.2708,6.2029,6.2836,6.1995,10540
305,305.0,2023-02-13,6.2249,6.2184,6.2249,6.2184,8417
306,306.0,2023-02-14,6.2513,6.322,6.322,6.2513,1510
307,307.0,2023-02-15,6.2548,6.2541,6.255,6.253,1219
308,308.0,2023-02-16,6.3279,6.39,6.39,6.3279,258
309,309.0,2023-02-17,6.4084,6.3928,6.4116,6.3928,3116
310,310.0,2023-02-20,6.4495,6.3749,6.4495,6.3749,2559
311,311.0,2023-02-21,6.3622,6.3866,6.3866,6.298,4654
312,312.0,2023-02-22,6.3322,6.237,6.3322,6.2363,235
313,313.0,2023-02-23,6.2589,6.31,6.31,6.2589,160
314,314.0,2023-02-24,6.3225,6.2802,6.3225,6.2802,5894
315,315.0,2023-02-27,6.3091,6.4145,6.4145,6.3091,3810
316,316.0,2023-02-28,6.3589,6.3589,6.3589,6.3589,779
317,317.0,2023-03-01,6.5003,6.4585,6.5003,6.4585,866
318,318.0,2023-03-02,6.3273,6.3819,6.3819,6.3,1563
319,319.0,2023-03-03,6.4033,6.4653,6.4653,6.396,1719
320,320.0,2023-03-06,6.5421,6.5555,6.5607,6.51,296
321,321.0,2023-03-07,6.5648,6.4549,6.5814,6.4549,707
322,322.0,2023-03-08,6.432,6.5205,6.5205,6.432,3779
323,323.0,2023-03-09,6.4933,6.39,6.4933,6.39,1354
324,324.0,2023-03-10,6.0946,6.1443,6.1741,6.0605,34112
325,325.0,2023-03-13,6.0679,5.7579,6.0721,5.7,17291
326,326.0,2023-03-14,5.7024,5.9349,5.9358,5.6823,55782
327,327.0,2023-03-15,5.8849,5.4032,5.9297,5.3965,26393
328,328.0,2023-03-16,5.6313,5.5,5.6313,5.3875,43158
329,329.0,2023-03-17,5.606,5.3378,5.657,5.28,31890
330,330.0,2023-03-20,5.26,5.4588,5.51,5.0286,18534
331,331.0,2023-03-21,5.5643,5.7233,5.725,5.5643,60000
332,332.0,2023-03-22,5.6664,5.6752,5.7945,5.6574,12122
333,333.0,2023-03-23,5.5865,5.5355,5.6573,5.5355,44866
334,334.0,2023-03-24,5.4267,5.3297,5.4538,5.2,125528
335,335.0,2023-03-27,5.3431,5.3972,5.41,5.334,37921
336,336.0,2023-03-28,5.5046,5.4526,5.5046,5.3826,11193
337,337.0,2023-03-29,5.503,5.5698,5.5698,5.49,1254
338,338.0,2023-03-30,5.6051,5.6647,5.7092,5.6,8435
339,339.0,2023-03-31,5.6823,5.6698,5.6823,5.5869,7473
340,340.0,2023-04-03,5.66,5.7073,5.7632,5.6578,21787
341,341.0,2023-04-04,5.7106,5.68,5.77,5.68,52819
342,342.0,2023-04-05,5.7073,5.6509,5.7073,5.6283,10827
343,343.0,2023-04-06,5.6937,5.7989,5.7989,5.6937,24592
344,344.0,2023-04-11,5.8892,5.7733,5.8892,5.7733,862
345,345.0,2023-04-12,5.8214,5.8145,5.8525,5.8127,3285
346,346.0,2023-04-13,5.8259,5.8314,5.8799,5.81,15518
347,347.0,2023-04-14,5.8315,6.014,6.014,5.8315,19825
348,348.0,2023-04-17,6.0336,5.9318,6.05,5.9318,577
349,349.0,2023-04-18,5.9742,6.0477,6.0579,5.9742,1295
350,350.0,2023-04-19,6.0629,6.0907,6.0907,6.007,6122
351,351.0,2023-04-20,6.1605,6.0159,6.1605,6.0159,26622
352,352.0,2023-04-21,6.0056,6.0038,6.01,5.965,1987
353,353.0,2023-04-24,5.9792,6.027,6.0611,5.9792,27093
354,354.0,2023-04-25,5.9352,5.8703,5.9352,5.8537,25346
355,355.0,2023-04-26,5.83,5.83,5.83,5.7242,32750
356,356.0,2023-04-27,5.8436,5.9319,5.94,5.8436,74264
357,357.0,2023-04-28,5.9425,5.82,5.9425,5.75,49049
358,358.0,2023-05-02,5.8826,5.6788,5.8826,5.676,104116
359,359.0,2023-05-03,5.7401,5.685,5.7444,5.6836,83561
360,360.0,2023-05-04,5.6604,5.5864,5.6826,5.58,16724
361,361.0,2023-05-05,5.6546,5.749,5.749,5.65,28018
362,362.0,2023-05-08,5.801,5.7871,5.8268,5.7871,841
363,363.0,2023-05-09,5.8134,5.7844,5.835,5.76,25223
364,364.0,2023-05-10,5.868,5.7476,5.868,5.7476,41611
365,365.0,2023-05-11,5.8016,5.7499,5.8016,5.7049,12520
366,366.0,2023-05-12,5.812,5.8172,5.8311,5.795,27879
367,367.0,2023-05-15,5.833,5.8001,5.833,5.7687,19959
368,368.0,2023-05-16,5.7816,5.792,5.8188,5.7713,40247
369,369.0,2023-05-17,5.75,5.793,5.7943,5.75,88848
370,370.0,2023-05-18,5.8534,5.8845,5.92,5.8529,370383
371,371.0,2023-05-19,5.889,5.9,5.9439,5.8627,25017
372,372.0,2023-05-22,6.0169,5.9459,6.0169,5.8998,3058
373,373.0,2023-05-23,5.9391,5.968,5.979,5.9332,29545
374,374.0,2023-05-24,5.9279,5.8414,5.9279,5.8184,54248
375,375.0,2023-05-25,5.8064,5.857,5.8693,5.7676,20061
376,376.0,2023-05-26,5.8803,5.8925,5.8925,5.8,31293
377,377.0,2023-05-29,5.9605,5.81,5.9605,5.81,12797
378,378.0,2023-05-30,5.8031,5.763,5.8909,5.76,10887
379,379.0,2023-05-31,5.7312,5.663,5.7729,5.663,89270
380,380.0,2023-06-01,5.7228,5.7757,5.7757,5.7211,4037
381,381.0,2023-06-02,5.8101,5.9218,5.9251,5.8101,21919
382,382.0,2023-06-05,5.9381,5.8632,5.9624,5.8425,106422
383,383.0,2023-06-06,5.8258,5.9068,5.9068,5.82,23750
384,384.0,2023-06-07,5.9352,5.925,5.9352,5.88,10746
385,385.0,2023-06-08,5.9584,5.9612,6.0336,5.9519,17271
386,386.0,2023-06-09,5.9865,5.919,5.9865,5.9147,1821
387,387.0,2023-06-12,5.9555,5.9547,6.0058,5.9175,2475
388,388.0,2023-06-13,5.9334,5.9604,5.9604,5.89,19588
389,389.0,2023-06-14,5.947,6.0464,6.0721,5.947,11592
390,390.0,2023-06-15,6.0224,5.9954,6.0224,5.98,23687
391,391.0,2023-06-16,5.9956,6.039,6.039,5.9956,364
392,392.0,2023-06-19,6.0233,6.0626,6.1074,6.02,5477
393,393.0,2023-06-20,6.031,6.0291,6.0511,6.0215,675
394,394.0,2023-06-21,6.035,6.0714,6.1101,6.035,23389
395,395.0,2023-06-22,5.9946,5.9623,6.0,5.9294,14254
396,396.0,2023-06-23,5.9342,5.8463,5.9342,5.8348,205243
397,397.0,2023-06-26,5.8375,5.8881,5.9066,5.75,29507
398,398.0,2023-06-27,5.9581,5.9809,5.9873,5.9165,31473
399,399.0,2023-06-28,5.9965,6.0066,6.013,5.9903,2379
400,400.0,2023-06-29,6.0384,6.1008,6.1008,6.0384,5760
401,401.0,2023-06-30,6.1541,6.1845,6.22,6.1273,3824
402,402.0,2023-07-03,6.19,6.24,6.2905,6.19,9936
403,403.0,2023-07-04,6.2939,6.1951,6.2949,6.195,2933
404,404.0,2023-07-05,6.1536,6.1542,6.19,6.1475,90947
405,405.0,2023-07-06,6.0935,5.996,6.0959,5.996,1941
406,406.0,2023-07-07,6.0229,6.0714,6.074,5.9959,2018
407,407.0,2023-07-10,6.0582,6.0811,6.1414,6.0579,1087
408,408.0,2023-07-11,6.104,6.17,6.171,6.0715,1304
409,409.0,2023-07-12,6.18,6.2622,6.2744,6.18,19337
410,410.0,2023-07-13,6.2631,6.3168,6.3493,6.2609,11618
411,411.0,2023-07-14,6.3296,6.2955,6.36,6.2955,17399
412,412.0,2023-07-17,6.2911,6.33,6.3428,6.279,2952
413,413.0,2023-07-18,6.33,6.3621,6.3621,6.3,803
414,414.0,2023-07-19,6.414,6.3658,6.414,6.3489,3098
415,415.0,2023-07-20,6.3963,6.4079,6.4135,6.3794,1920
416,416.0,2023-07-21,6.4545,6.41,6.4545,6.3961,36687
417,417.0,2023-07-24,6.3678,6.4402,6.4402,6.3504,20378
418,418.0,2023-07-25,6.45,6.455,6.4815,6.45,12316
419,419.0,2023-07-26,6.4975,6.45,6.5,6.4448,2950
420,420.0,2023-07-27,6.51,6.5168,6.5522,6.4858,1987
421,421.0,2023-07-28,6.5425,6.5267,6.5725,6.52,1522
422,422.0,2023-07-31,6.571,6.5552,6.571,6.53,8164
423,423.0,2023-08-01,6.5549,6.4486,6.5549,6.441,14094
424,424.0,2023-08-02,6.3443,6.3382,6.4195,6.33,135542
425,425.0,2023-08-03,6.3579,6.3994,6.3994,6.3,96598
426,426.0,2023-08-04,6.45,6.48,6.48,6.4102,2668
427,427.0,2023-08-07,6.4641,6.5,6.5225,6.4641,4938
428,428.0,2023-08-08,6.3498,6.281,6.37,6.21,5201
429,429.0,2023-08-09,6.4095,6.385,6.41,6.3459,3188
430,430.0,2023-08-10,6.4191,6.4847,6.49,6.4,6028
431,431.0,2023-08-11,6.4703,6.4341,6.4703,6.413,1854
432,432.0,2023-08-14,6.4189,6.451,6.488,6.4189,12842
433,433.0,2023-08-15,6.4322,6.3796,6.4322,6.3654,3295
434,434.0,2023-08-16,6.3395,6.3743,6.4,6.3395,602
435,435.0,2023-08-17,6.3678,6.336,6.4149,6.3266,9606
436,436.0,2023-08-18,6.3188,6.303,6.3293,6.2601,1530
437,437.0,2023-08-21,6.338,6.3384,6.4,6.3314,1816
438,438.0,2023-08-22,6.3935,6.3829,6.42,6.3829,948
439,439.0,2023-08-23,6.405,6.3444,6.44,6.334,1020
440,440.0,2023-08-24,6.3944,6.3498,6.3944,6.3195,1601
441,441.0,2023-08-25,6.3447,6.345,6.4,6.3246,1319
442,442.0,2023-08-28,6.393,6.4431,6.45,6.39,807
443,443.0,2023-08-29,6.47,6.4881,6.5,6.45,3943
444,444.0,2023-08-30,6.54,6.5199,6.5711,6.5199,3183
445,445.0,2023-08-31,6.5165,6.4571,6.5403,6.45,2706
446,446.0,2023-09-01,6.451,6.3998,6.4648,6.39,859
447,447.0,2023-09-04,6.4247,6.378,6.4409,6.3727,3989
448,448.0,2023-09-05,6.3324,6.34,6.39,6.2917,1498
449,449.0,2023-09-06,6.2846,6.226,6.3089,6.18,2810
450,450.0,2023-09-07,6.2029,6.15,6.2285,6.15,3220
451,451.0,2023-09-08,6.1803,6.1679,6.1803,6.1,1007
452,452.0,2023-09-11,6.255,6.2689,6.2708,6.2431,451
453,453.0,2023-09-12,6.2751,6.2691,6.282,6.2579,1242
454,454.0,2023-09-13,6.2941,6.2979,6.3178,6.26,2056
455,455.0,2023-09-14,6.2696,6.3901,6.4114,6.2696,762
456,456.0,2023-09-15,6.4413,6.3963,6.4509,6.3963,792
457,457.0,2023-09-18,6.3716,6.2555,6.3796,6.2379,5566
458,458.0,2023-09-19,6.2561,6.3382,6.3382,6.2561,233
459,459.0,2023-09-20,6.3672,6.469,6.4756,6.36,12176
460,460.0,2023-09-21,6.4318,6.45,6.4552,6.3973,4544
461,461.0,2023-09-22,6.4265,6.3541,6.4265,6.3541,1788
462,462.0,2023-09-25,6.3633,6.3048,6.3716,6.3048,707
463,463.0,2023-09-26,6.3199,6.3133,6.3349,6.265,17932
464,464.0,2023-09-27,6.3057,6.327,6.36,6.3,3619
465,465.0,2023-09-28,6.3466,6.42,6.42,6.3147,56298
466,466.0,2023-09-29,6.4319,6.4491,6.4832,6.4319,60297
467,467.0,2023-10-02,6.4695,6.3669,6.4898,6.3571,32514
468,468.0,2023-10-03,6.3483,6.2855,6.4061,6.2745,23538
469,469.0,2023-10-04,6.2281,6.2497,6.29,6.22,2245
470,470.0,2023-10-05,6.3068,6.3082,6.3101,6.24,705
471,471.0,2023-10-06,6.3142,6.3541,6.3969,6.3142,1878
472,472.0,2023-10-09,6.3449,6.2816,6.3449,6.27,30681
473,473.0,2023-10-10,6.3755,6.452,6.452,6.3755,789
474,474.0,2023-10-11,6.4393,6.4894,6.4981,6.43,464
475,475.0,2023-10-12,6.49,6.4571,6.5,6.43,1757
476,476.0,2023-10-13,6.4382,6.3163,6.4382,6.3151,2414
477,477.0,2023-10-16,6.3685,6.389,6.4159,6.31,2198
478,478.0,2023-10-17,6.3883,6.362,6.422,6.3368,747
479,479.0,2023-10-18,6.3728,6.32,6.3977,6.32,3597
480,480.0,2023-10-19,6.3033,6.277,6.3033,6.25,31709
481,481.0,2023-10-20,6.2061,6.1849,6.2448,6.178,11477
482,482.0,2023-10-23,6.1985,6.1799,6.1985,6.1301,1458
483,483.0,2023-10-24,6.185,6.13,6.1899,6.0902,31610
484,484.0,2023-10-25,6.1276,6.1524,6.1524,6.0887,437
485,485.0,2023-10-26,6.0788,6.15,6.15,6.04,65600
486,486.0,2023-10-27,6.2358,6.165,6.256,6.165,1882
487,487.0,2023-10-30,6.1828,6.2011,6.203,6.1574,6591
488,488.0,2023-10-31,6.2139,6.226,6.2779,6.2139,12127
489,489.0,2023-11-01,6.2737,6.287,6.308,6.264,1596
490,490.0,2023-11-02,6.3123,6.318,6.339,6.2868,35416
491,491.0,2023-11-03,6.3597,6.4066,6.42,6.3411,19483
492,492.0,2023-11-06,6.414,6.392,6.4219,6.39,24992
493,493.0,2023-11-07,6.3788,6.363,6.402,6.3172,13802
494,494.0,2023-11-08,6.3153,6.3799,6.3991,6.3078,1974
495,495.0,2023-11-09,6.3612,6.4189,6.4199,6.3459,25508
496,496.0,2023-11-10,6.4037,6.398,6.43,6.3671,4717
497,497.0,2023-11-13,6.43,6.48,6.48,6.43,9418
498,498.0,2023-11-14,6.4883,6.5574,6.56,6.48,14473
499,499.0,2023-11-15,6.5733,6.583,6.6043,6.5442,7538
500,500.0,2023-11-16,6.5997,6.563,6.619,6.563,28876
501,501.0,2023-11-17,6.5973,6.6557,6.6557,6.5973,5503
502,502.0,2023-11-20,6.7017,6.6768,6.7017,6.663,4107
503,503.0,2023-11-21,6.6456,6.631,6.652,6.6184,11075
504,504.0,2023-11-22,6.6462,6.6516,6.67,6.6292,1074
505,505.0,2023-11-23,6.6244,6.665,6.665,6.6244,434
506,506.0,2023-11-24,6.6847,6.6981,6.7099,6.68,4656
507,507.0,2023-11-27,6.6922,6.648,6.6922,6.6479,6643
508,508.0,2023-11-28,6.6541,6.67,6.67,6.65,21500
509,509.0,2023-11-29,6.6909,6.761,6.761,6.681,26167
510,510.0,2023-11-30,6.7669,6.755,6.7819,6.75,4088
511,511.0,2023-12-01,6.7968,6.787,6.7968,6.765,1334
512,512.0,2023-12-04,6.8127,6.834,6.8369,6.7912,4379
513,513.0,2023-12-05,6.8432,6.87,6.871,6.827,12554
514,514.0,2023-12-06,6.8811,6.917,6.9448,6.87,3642
515,515.0,2023-12-07,6.9009,6.8472,6.9009,6.8,2575
516,516.0,2023-12-08,6.8441,6.92,6.92,6.8383,8502
517,517.0,2023-12-11,6.9281,6.925,6.9349,6.9017,2558
518,518.0,2023-12-12,6.9555,6.883,6.9555,6.883,2720
519,519.0,2023-12-13,6.8567,6.856,6.882,6.855,5975
520,520.0,2023-12-14,6.9198,6.8616,6.9198,6.808,3701
521,521.0,2023-12-15,6.9049,6.8542,6.9098,6.8373,13292
522,522.0,2023-12-18,6.8438,6.836,6.8703,6.8325,21312
523,523.0,2023-12-19,6.8256,6.852,6.86,6.825,3188
524,524.0,2023-12-20,6.896,6.8517,6.896,6.8176,12789
525,525.0,2023-12-21,6.8447,6.8362,6.85,6.817,1343
526,526.0,2023-12-22,6.8625,6.87,6.9059,6.85,2453
527,527.0,2023-12-27,6.9031,6.9086,6.92,6.869,8452
528,528.0,2023-12-28,6.9307,6.8502,6.9307,6.85,1742
529,529.0,2023-12-29,6.8733,6.8855,6.9,6.8667,29403
530,530.0,2024-01-02,6.9317,6.9879,7.0248,6.93,43081
531,531.0,2024-01-03,7.0106,6.9129,7.0239,6.8792,5977
532,532.0,2024-01-04,6.927,7.035,7.035,6.9162,1644
533,533.0,2024-01-05,7.0046,7.0861,7.1329,6.9893,3293
534,534.0,2024-01-08,7.1103,7.1161,7.1307,7.07,3164
535,535.0,2024-01-09,7.1043,7.0361,7.1043,7.0,3538
536,536.0,2024-01-10,6.9905,7.01,7.0299,6.99,3130
537,537.0,2024-01-11,7.0376,6.8949,7.0376,6.8876,2249
538,538.0,2024-01-12,6.9184,6.9037,6.9512,6.89,731
539,539.0,2024-01-15,6.9355,6.887,6.9355,6.855,5648
540,540.0,2024-01-16,6.8178,6.824,6.8295,6.7801,2129
541,541.0,2024-01-17,6.7621,6.782,6.79,6.725,4197
542,542.0,2024-01-18,6.791,6.85,6.88,6.791,4024
543,543.0,2024-01-19,6.898,6.834,6.9019,6.8301,2982
544,544.0,2024-01-22,6.9227,6.9051,6.9389,6.8921,1860
545,545.0,2024-01-23,6.9149,6.8819,6.9149,6.8661,2890
546,546.0,2024-01-24,6.9324,6.9719,6.9719,6.9071,3937
547,547.0,2024-01-25,6.9157,6.9202,6.942,6.901,937
548,548.0,2024-01-26,6.926,6.9371,6.9599,6.9041,2696
549,549.0,2024-01-29,6.9803,6.895,6.9809,6.89,40614
550,550.0,2024-01-30,6.9261,7.0234,7.026,6.9111,5263
551,551.0,2024-01-31,7.0473,7.0495,7.1219,7.034,8849
552,552.0,2024-02-01,6.8919,6.845,6.9719,6.845,4222
553,553.0,2024-02-02,6.8982,6.917,6.9439,6.8779,5803
554,554.0,2024-02-05,6.9779,6.9039,6.984,6.888,4257
555,555.0,2024-02-06,6.9546,6.9218,6.9565,6.8972,3730
556,556.0,2024-02-07,6.9046,6.8149,6.9046,6.7902,5348
557,557.0,2024-02-08,6.8163,6.8234,6.8527,6.7986,2931
558,558.0,2024-02-09,6.8231,6.7809,6.8319,6.766,2519
559,559.0,2024-02-12,6.8551,6.898,6.898,6.8336,4962
560,560.0,2024-02-13,6.895,6.8715,6.9189,6.862,5188
561,561.0,2024-02-14,6.8747,6.8935,6.94,6.8747,2552
562,562.0,2024-02-15,6.8962,6.8798,6.9,6.845,9841
563,563.0,2024-02-16,6.9442,6.9079,6.967,6.9079,2183
564,564.0,2024-02-19,6.9293,6.95,6.9669,6.9293,2087
565,565.0,2024-02-20,6.9513,6.9791,6.9917,6.9401,7047
566,566.0,2024-02-21,7.016,7.045,7.0748,7.0118,2393
567,567.0,2024-02-22,7.0989,7.0995,7.1419,7.0724,12336
568,568.0,2024-02-23,7.1035,7.1338,7.1461,7.086,14821
569,569.0,2024-02-26,7.1416,7.1099,7.1416,7.095,1748
570,570.0,2024-02-27,7.0939,7.1202,7.1202,7.08,1630
571,571.0,2024-02-28,7.1253,7.125,7.15,7.1114,1610
572,572.0,2024-02-29,7.1458,7.0924,7.1513,7.0924,1636
573,573.0,2024-03-01,7.1133,7.1851,7.19,7.1133,2991
574,574.0,2024-03-04,7.192,7.2131,7.233,7.19,1419
575,575.0,2024-03-05,7.2178,7.2654,7.2654,7.2178,4035
576,576.0,2024-03-06,7.2789,7.314,7.3553,7.2641,181127
577,577.0,2024-03-07,7.314,7.368,7.3784,7.314,11424
578,578.0,2024-03-08,7.3851,7.3861,7.4278,7.38,3413
579,579.0,2024-03-11,7.3286,7.406,7.406,7.3286,2589
580,580.0,2024-03-12,7.45,7.538,7.554,7.4324,9228
581,581.0,2024-03-13,7.5792,7.6061,7.6489,7.5792,31313
582,582.0,2024-03-14,7.5993,7.55,7.6228,7.55,6606
583,583.0,2024-03-15,7.5601,7.662,7.67,7.5601,19046
584,584.0,2024-03-18,7.6543,7.6948,7.7053,7.6543,8388
585,585.0,2024-03-19,7.7145,7.7979,7.7997,7.7145,3586
586,586.0,2024-03-20,7.8106,7.7677,7.8149,7.7391,3513
587,587.0,2024-03-21,7.8574,7.8855,7.8883,7.8231,13779
588,588.0,2024-03-22,7.8973,7.9151,7.95,7.8973,9926
589,589.0,2024-03-25,7.9257,7.9379,7.9618,7.9101,69815
590,590.0,2024-03-26,7.9728,8.0055,8.0429,7.9728,9174
591,591.0,2024-03-27,8.04,8.0547,8.09,8.04,7528
592,592.0,2024-03-28,8.1055,8.1299,8.1577,8.0972,7429
593,593.0,2024-04-02,8.194,8.1507,8.2,8.1201,8429
594,594.0,2024-04-03,8.1965,8.276,8.2811,8.1909,11289
595,595.0,2024-04-04,8.3114,8.333,8.3553,8.297,90091
596,596.0,2024-04-05,8.219,8.2306,8.2335,8.1401,16252
597,597.0,2024-04-08,8.2679,8.3171,8.3229,8.2442,27975
598,598.0,2024-04-09,8.32,8.2369,8.3254,8.23,27985
599,599.0,2024-04-10,8.2905,8.28,8.3199,8.19,34480
600,600.0,2024-04-11,8.296,8.0925,8.3011,8.038,75913
601,601.0,2024-04-12,8.165,8.0607,8.1856,8.0501,7886
602,602.0,2024-04-15,8.1171,8.0916,8.18,8.0844,8713
603,603.0,2024-04-16,7.9769,7.9299,7.9938,7.929,7306
604,604.0,2024-04-17,7.978,8.047,8.1002,7.9721,40506
605,605.0,2024-04-18,8.1036,8.194,8.199,8.0872,13870
606,606.0,2024-04-19,8.0897,8.215,8.22,8.0897,18123
607,607.0,2024-04-22,8.2906,8.3301,8.35,8.23,81503
608,608.0,2024-04-23,8.4085,8.529,8.5326,8.389,14078
609,609.0,2024-04-24,8.5491,8.4824,8.5491,8.45,7162
610,610.0,2024-04-25,8.529,8.5145,8.5879,8.4552,6360
611,611.0,2024-04-26,8.5665,8.61,8.6319,8.5569,20807
612,612.0,2024-04-29,8.6771,8.5222,8.6816,8.5072,9760
613,613.0,2024-04-30,8.5469,8.433,8.5545,8.42,45106
614,614.0,2024-05-02,8.5253,8.4833,8.5468,8.46,114355
615,615.0,2024-05-03,8.5644,8.418,8.5644,8.376,42221
616,616.0,2024-05-06,8.4186,8.509,8.512,8.41,59538
617,617.0,2024-05-07,8.5775,8.6992,8.7081,8.5771,13357
618,618.0,2024-05-08,8.7453,8.689,8.7453,8.64,8072
619,619.0,2024-05-09,8.6865,8.6669,8.6865,8.6,4768
620,620.0,2024-05-10,8.6834,8.695,8.7272,8.6749,25465
621,621.0,2024-05-13,8.7173,8.7189,8.7479,8.69,57303
622,622.0,2024-05-14,8.7424,8.8262,8.84,8.73,10966
623,623.0,2024-05-15,8.8591,8.887,8.8929,8.8048,18689
624,624.0,2024-05-16,8.8785,8.8283,8.8785,8.8235,23548
625,625.0,2024-05-17,8.85,8.9256,8.932,8.8499,57066
626,626.0,2024-05-20,8.9779,8.943,8.9816,8.9192,48427
627,627.0,2024-05-21,8.9178,8.92,8.92,8.8469,10131
628,628.0,2024-05-22,8.911,8.8746,8.9361,8.8745,6142
629,629.0,2024-05-23,8.8786,8.8771,8.9079,8.84,9571
630,630.0,2024-05-24,8.7806,8.8635,8.8665,8.7437,16608
631,631.0,2024-05-27,8.8768,8.8549,8.8768,8.8291,60070
632,632.0,2024-05-28,8.8938,8.9042,8.923,8.8611,9793
633,633.0,2024-05-29,8.9083,8.7661,8.9083,8.74,12204
634,634.0,2024-05-30,8.7742,8.8982,8.8999,8.7661,12332
635,635.0,2024-05-31,8.9422,8.9017,8.9488,8.875,5961
636,636.0,2024-06-03,8.9987,8.936,9.0229,8.9231,15731
637,637.0,2024-06-04,8.9157,8.7004,8.9157,8.6614,25282
638,638.0,2024-06-05,8.731,8.6716,8.7537,8.66,11463
639,639.0,2024-06-06,8.6877,8.817,8.8449,8.6362,69255
640,640.0,2024-06-07,8.8553,8.8474,8.8859,8.7753,15222
641,641.0,2024-06-10,8.6994,8.7,8.715,8.65,26625
642,642.0,2024-06-11,8.7062,8.4851,8.7062,8.4338,24750
643,643.0,2024-06-12,8.5129,8.5545,8.5847,8.5129,46294
644,644.0,2024-06-13,8.5357,8.3068,8.5357,8.2582,57705
645,645.0,2024-06-14,8.2659,8.1309,8.2699,7.9941,1091945
646,646.0,2024-06-17,8.1931,8.2332,8.2743,8.1123,522424
647,647.0,2024-06-18,8.3624,8.319,8.3624,8.2609,39592
648,648.0,2024-06-19,8.3264,8.3054,8.3677,8.2756,79145
649,649.0,2024-06-20,8.3209,8.4,8.4031,8.3209,31696
650,650.0,2024-06-21,8.391,8.2356,8.391,8.1855,41968
651,651.0,2024-06-24,8.3161,8.4357,8.4401,8.3001,11769
652,652.0,2024-06-25,8.4628,8.3576,8.4628,8.34,19670
653,653.0,2024-06-26,8.4227,8.313,8.4227,8.2782,10376
654,654.0,2024-06-27,8.321,8.3051,8.3544,8.2866,6675
655,655.0,2024-06-28,8.3578,8.2977,8.3607,8.2609,36908
656,656.0,2024-07-01,8.5377,8.5313,8.5602,8.4461,39133
657,657.0,2024-07-02,8.4943,8.4281,8.5,8.3912,13584
658,658.0,2024-07-03,8.4794,8.596,8.6307,8.4794,39502
659,659.0,2024-07-04,8.6573,8.7097,8.72,8.6573,75904
660,660.0,2024-07-05,8.717,8.6484,8.7287,8.5847,50274
661,661.0,2024-07-08,8.621,8.648,8.76,8.611,75247
662,662.0,2024-07-09,8.6288,8.5486,8.6288,8.4952,13965
663,663.0,2024-07-10,8.5719,8.6376,8.6376,8.5053,10212
664,664.0,2024-07-11,8.6751,8.6383,8.6929,8.5983,8981
665,665.0,2024-07-12,8.6446,8.6906,8.7068,8.6446,7045
666,666.0,2024-07-15,8.6637,8.6572,8.7,8.5901,8067
667,667.0,2024-07-16,8.6302,8.6889,8.6989,8.6,22989
668,668.0,2024-07-17,8.68,8.7355,8.7574,8.6632,40402
669,669.0,2024-07-18,8.7849,8.7944,8.8272,8.7647,16699
670,670.0,2024-07-19,8.7363,8.724,8.7599,8.7,19866
671,671.0,2024-07-22,8.9028,8.9028,8.9279,8.7901,12605
672,672.0,2024-07-23,8.9557,8.9557,8.9989,8.91,10416
673,673.0,2024-07-24,8.9474,8.9216,8.9839,8.8211,49105
674,674.0,2024-07-25,8.8258,8.8411,8.8473,8.6706,10505
675,675.0,2024-07-26,8.8664,8.824,8.8689,8.7881,6890
676,676.0,2024-07-29,8.9169,8.7662,8.9169,8.74,10519
677,677.0,2024-07-30,8.8009,8.8879,8.9228,8.7908,7985
678,678.0,2024-07-31,8.9102,8.7699,8.9102,8.7203,37880
679,679.0,2024-08-01,8.7331,8.4179,8.7331,8.3965,27949
680,680.0,2024-08-02,8.2706,8.0584,8.3269,8.0093,81034
681,681.0,2024-08-05,7.7513,7.9018,7.9239,7.6886,56254
682,682.0,2024-08-06,8.0017,7.8498,8.0017,7.7819,22177
683,683.0,2024-08-07,7.932,8.084,8.127,7.9289,27350
684,684.0,2024-08-08,7.987,8.0336,8.0731,7.9276,13326
685,685.0,2024-08-09,8.0883,8.0912,8.1629,8.0336,21227
686,686.0,2024-08-12,8.1184,8.0956,8.1678,8.079,14738
687,687.0,2024-08-13,8.146,8.1234,8.15,8.0799,5796
688,688.0,2024-08-14,8.163,8.1585,8.186,8.14,7858
689,689.0,2024-08-15,8.1931,8.3567,8.3629,8.1671,6888
690,690.0,2024-08-16,8.3795,8.3884,8.403,8.3241,7376
691,691.0,2024-08-19,8.432,8.4658,8.5,8.4142,12884
692,692.0,2024-08-20,8.4984,8.3889,8.4984,8.3521,8977
693,693.0,2024-08-21,8.39,8.4229,8.4549,8.3739,13294
694,694.0,2024-08-22,8.4304,8.4521,8.4799,8.38,12405
695,695.0,2024-08-23,8.4958,8.54,8.541,8.4958,9689
696,696.0,2024-08-26,8.5437,8.5315,8.5539,8.4871,15052
697,697.0,2024-08-27,8.551,8.6049,8.6149,8.5321,12953
698,698.0,2024-08-28,8.6296,8.6088,8.6319,8.541,48093
699,699.0,2024-08-29,8.6123,8.6419,8.6858,8.6088,8461
700,700.0,2024-08-30,8.693,8.7019,8.715,8.68,7568
701,701.0,2024-09-02,8.7311,8.719,8.7679,8.65,18786
702,702.0,2024-09-03,8.7332,8.5341,8.736,8.4997,17095
703,703.0,2024-09-04,8.4246,8.4891,8.5569,8.4129,16815
704,704.0,2024-09-05,8.4649,8.5965,8.6647,8.4649,10665
705,705.0,2024-09-06,8.5467,8.4779,8.6069,8.471,9489
706,706.0,2024-09-09,8.4778,8.5516,8.5846,8.4778,9125
707,707.0,2024-09-10,8.5209,8.417,8.605,8.4,7676
708,708.0,2024-09-11,8.5049,8.4176,8.52,8.3721,9798
709,709.0,2024-09-12,8.5387,8.5661,8.607,8.4949,16965
710,710.0,2024-09-13,8.5751,8.643,8.6706,8.5682,11851
711,711.0,2024-09-16,8.6196,8.6301,8.6776,8.5918,45534
712,712.0,2024-09-17,8.7002,8.7461,8.78,8.6841,59319
713,713.0,2024-09-18,8.7731,8.7749,8.818,8.7429,22893
714,714.0,2024-09-19,8.85,8.8655,8.8729,8.785,63005
715,715.0,2024-09-20,8.9123,8.8772,8.9599,8.8443,13714
0,,2021-12-08 00:00:00,5.1463,5.1232,5.1463,5.1232,0
1,,2021-12-09 00:00:00,5.0954,5.1008,5.1008,5.0954,0
2,,2021-12-10 00:00:00,5.0971,5.0706,5.0971,5.0706,0
3,,2021-12-13 00:00:00,5.0918,5.0286,5.0918,5.0286,0
4,,2021-12-14 00:00:00,5.0638,5.0684,5.0684,5.0638,0
5,,2021-12-15 00:00:00,5.0889,5.0292,5.0889,5.0292,0
6,,2021-12-16 00:00:00,5.0829,5.103,5.103,5.0829,0
7,,2021-12-17 00:00:00,5.0727,5.0364,5.0727,5.0364,0
8,,2021-12-20 00:00:00,4.9396,4.9837,4.9837,4.9396,0
9,,2021-12-21 00:00:00,5.0482,5.1082,5.1082,5.0482,0
10,,2021-12-22 00:00:00,5.1014,5.1385,5.1385,5.1014,0
11,,2021-12-23 00:00:00,5.1606,5.2097,5.2097,5.1606,0
12,,2021-12-24 00:00:00,5.1976,5.2033,5.2033,5.1976,0
13,,2021-12-27 00:00:00,5.1811,5.2373,5.2373,5.1811,0
14,,2021-12-28 00:00:00,5.2554,5.2719,5.2719,5.2554,0
15,,2021-12-29 00:00:00,5.2676,5.2646,5.2676,5.2646,0
16,,2021-12-30 00:00:00,5.2634,5.2672,5.2672,5.2634,0
17,,2021-12-31 00:00:00,5.258,5.258,5.258,5.258,0
18,,2022-01-03 00:00:00,5.2911,5.3267,5.3267,5.2911,0
19,,2022-01-04 00:00:00,5.3661,5.4784,5.4784,5.3661,0
20,,2022-01-05 00:00:00,5.504,5.5064,5.5064,5.504,200
21,,2022-01-06 00:00:00,5.4695,5.5396,5.5396,5.4695,0
22,,2022-01-07 00:00:00,5.5756,5.6068,5.6068,5.5756,0
23,,2022-01-10 00:00:00,5.6316,5.5959,5.6316,5.5959,0
24,,2022-01-11 00:00:00,5.5816,5.6122,5.6122,5.5816,0
25,,2022-01-12 00:00:00,5.6435,5.675,5.675,5.6435,0
26,,2022-01-13 00:00:00,5.6664,5.7349,5.7349,5.6664,0
27,,2022-01-14 00:00:00,5.7088,5.7155,5.7155,5.7088,0
28,,2022-01-17 00:00:00,5.7537,5.7345,5.7537,5.7345,0
29,,2022-01-18 00:00:00,5.7081,5.6979,5.7081,5.6979,0
30,,2022-01-19 00:00:00,5.6931,5.626,5.6931,5.626,0
31,,2022-01-20 00:00:00,5.601,5.5963,5.601,5.5963,0
32,,2022-01-21 00:00:00,5.5282,5.4892,5.5282,5.4892,0
33,,2022-01-24 00:00:00,5.4766,5.2774,5.4766,5.2774,0
34,,2022-01-25 00:00:00,5.3375,5.4074,5.4074,5.3375,0
35,,2022-01-26 00:00:00,5.4768,5.5602,5.5602,5.4768,273
36,,2022-01-27 00:00:00,5.5314,5.6292,5.6292,5.5314,0
37,,2022-01-28 00:00:00,5.6033,5.567,5.6033,5.567,8000
38,,2022-01-31 00:00:00,5.6314,5.5764,5.6314,5.5764,0
39,,2022-02-01 00:00:00,5.6153,5.6946,5.6946,5.6153,0
40,,2022-02-02 00:00:00,5.7091,5.7312,5.7312,5.7091,0
41,,2022-02-03 00:00:00,5.7191,5.7799,5.7943,5.7191,2500
42,,2022-02-04 00:00:00,5.8436,5.7773,5.8436,5.7773,2600
43,,2022-02-07 00:00:00,5.8147,5.8404,5.8404,5.8147,0
44,,2022-02-08 00:00:00,5.8336,5.9768,5.9768,5.8336,0
45,,2022-02-09 00:00:00,5.9721,6.0542,6.0664,5.9721,12350
46,,2022-02-10 00:00:00,6.0718,6.074,6.074,6.0718,0
47,,2022-02-11 00:00:00,6.0036,6.0027,6.0041,5.9688,13844
48,,2022-02-14 00:00:00,5.7676,5.7705,5.7705,5.7658,350
49,,2022-02-15 00:00:00,5.7636,5.8821,5.8821,5.7636,0
50,,2022-02-16 00:00:00,5.9021,5.8125,5.9055,5.763,200
51,,2022-02-17 00:00:00,5.8304,5.777,5.8304,5.777,20
52,,2022-02-18 00:00:00,5.7405,5.6977,5.7405,5.6977,0
53,,2022-02-21 00:00:00,5.7275,5.6044,5.7333,5.6044,25
54,,2022-02-22 00:00:00,5.3944,5.5716,5.5716,5.3944,240
55,,2022-02-23 00:00:00,5.6123,5.4975,5.6123,5.4975,0
56,,2022-02-24 00:00:00,5.2488,5.0356,5.2488,5.0356,1500
57,,2022-02-25 00:00:00,5.0863,5.2156,5.2156,5.0863,0
58,,2022-02-28 00:00:00,4.977,4.9231,4.977,4.8433,2102
59,,2022-03-01 00:00:00,4.9025,4.5959,4.9025,4.5959,2059
60,,2022-03-02 00:00:00,4.4723,4.6497,4.6497,4.4723,0
61,,2022-03-03 00:00:00,4.7233,4.6048,4.7233,4.6048,215
62,,2022-03-04 00:00:00,4.4908,4.2616,4.4908,4.2616,1207
63,,2022-03-07 00:00:00,4.032,4.0813,4.0813,3.9,256
64,,2022-03-08 00:00:00,4.0518,4.1549,4.2363,4.0518,500
65,,2022-03-09 00:00:00,4.4045,4.5554,4.5554,4.4045,702
66,,2022-03-10 00:00:00,4.5509,4.4287,4.5509,4.4287,25
67,,2022-03-11 00:00:00,4.4637,4.4369,4.4637,4.4138,25
68,,2022-03-14 00:00:00,4.5146,4.5905,4.5905,4.5146,200
69,,2022-03-15 00:00:00,4.5342,4.6173,4.6173,4.5084,30
70,,2022-03-16 00:00:00,4.7537,4.8903,4.9566,4.7537,809
71,,2022-03-17 00:00:00,4.9258,4.8067,4.9258,4.77,235
72,,2022-03-18 00:00:00,4.8065,4.8225,4.8225,4.76,32871
73,,2022-03-21 00:00:00,4.8331,4.7999,4.8599,4.7999,57
74,,2022-03-22 00:00:00,4.8341,4.8909,4.9226,4.8341,110056
75,,2022-03-23 00:00:00,4.8847,4.7917,4.8847,4.7917,230
76,,2022-03-24 00:00:00,4.7806,4.7125,4.7806,4.7125,14601
77,,2022-03-25 00:00:00,4.6919,4.7061,4.7316,4.6841,57962
78,,2022-03-28 00:00:00,4.7374,4.731,4.817,4.731,15116
79,,2022-03-29 00:00:00,4.8143,5.0032,5.0032,4.81,13295
80,,2022-03-30 00:00:00,4.9606,4.9043,4.9606,4.9043,524
81,,2022-03-31 00:00:00,4.9204,4.7878,4.9204,4.7878,30
82,,2022-04-01 00:00:00,4.8061,4.8518,4.8791,4.8061,22021
83,,2022-04-04 00:00:00,4.8386,4.8444,4.8444,4.7925,914
84,,2022-04-05 00:00:00,4.8171,4.7463,4.8171,4.7273,2302
85,,2022-04-06 00:00:00,4.77,4.5987,4.77,4.5677,1862
86,,2022-04-07 00:00:00,4.6382,4.5695,4.64,4.5695,150
87,,2022-04-08 00:00:00,4.631,4.6851,4.6851,4.631,26
88,,2022-04-11 00:00:00,4.7359,4.7065,4.7632,4.7065,200
89,,2022-04-12 00:00:00,4.5674,4.6415,4.6481,4.5674,9303
90,,2022-04-13 00:00:00,4.6302,4.6461,4.6522,4.6302,10125
91,,2022-04-14 00:00:00,4.6734,4.6926,4.6926,4.6734,0
92,,2022-04-19 00:00:00,4.6949,4.7245,4.7245,4.6949,6
93,,2022-04-20 00:00:00,4.7566,4.8233,4.8507,4.7566,100
94,,2022-04-21 00:00:00,4.8296,4.8905,4.9188,4.8296,1075
95,,2022-04-22 00:00:00,4.8447,4.804,4.8575,4.804,136
96,,2022-04-25 00:00:00,4.6902,4.6744,4.72,4.6744,43947
97,,2022-04-26 00:00:00,4.7532,4.5835,4.7532,4.5835,100
98,,2022-04-27 00:00:00,4.5662,4.5583,4.5662,4.5583,0
99,,2022-04-28 00:00:00,4.6047,4.5388,4.6047,4.5388,15301
100,,2022-04-29 00:00:00,4.5838,4.6121,4.6121,4.58,75
101,,2022-05-02 00:00:00,4.6007,4.5281,4.6007,4.516,744
102,,2022-05-03 00:00:00,4.5707,4.6447,4.6447,4.5707,275
103,,2022-05-04 00:00:00,4.6518,4.5709,4.6518,4.5709,100
104,,2022-05-05 00:00:00,4.6551,4.509,4.6551,4.509,75
105,,2022-05-06 00:00:00,4.5051,4.4247,4.5051,4.4247,225
106,,2022-05-09 00:00:00,4.4303,4.3467,4.4303,4.3467,283
107,,2022-05-10 00:00:00,4.3957,4.3933,4.48,4.3933,4
108,,2022-05-11 00:00:00,4.4174,4.5172,4.5172,4.4174,1060
109,,2022-05-12 00:00:00,4.4223,4.507,4.507,4.4223,166
110,,2022-05-13 00:00:00,4.5592,4.5949,4.5949,4.5584,1107
111,,2022-05-16 00:00:00,4.5663,4.5758,4.595,4.5663,91
112,,2022-05-17 00:00:00,4.6291,4.6905,4.6971,4.6291,413
113,,2022-05-18 00:00:00,4.6938,4.6704,4.72,4.6704,7479
114,,2022-05-19 00:00:00,4.6411,4.6769,4.6769,4.6093,60
115,,2022-05-20 00:00:00,4.7142,4.6721,4.7142,4.6721,0
116,,2022-05-23 00:00:00,4.7355,4.8502,4.8502,4.7355,0
117,,2022-05-24 00:00:00,4.8051,4.8584,4.8597,4.8051,690
118,,2022-05-25 00:00:00,4.9202,4.9484,4.9484,4.9202,5
119,,2022-05-26 00:00:00,4.944,5.0155,5.0193,4.92,280
120,,2022-05-27 00:00:00,5.0159,5.0288,5.0288,5.0,220
121,,2022-05-30 00:00:00,5.085,5.1008,5.1008,5.0601,313
122,,2022-05-31 00:00:00,5.1013,5.0145,5.1013,5.0145,0
123,,2022-06-01 00:00:00,5.0752,4.9739,5.0752,4.9739,100
124,,2022-06-02 00:00:00,5.0053,4.9682,5.0053,4.9682,439
125,,2022-06-03 00:00:00,5.0068,4.9398,5.0068,4.9398,0
126,,2022-06-06 00:00:00,5.0091,5.0523,5.0682,5.0091,59
127,,2022-06-07 00:00:00,5.0348,5.0004,5.0348,5.0004,0
128,,2022-06-08 00:00:00,4.9921,4.964,4.9921,4.964,150
129,,2022-06-09 00:00:00,4.9489,4.8804,4.9489,4.8804,121
130,,2022-06-10 00:00:00,4.8374,4.584,4.8374,4.5813,1966
131,,2022-06-13 00:00:00,4.5092,4.437,4.5092,4.437,880
132,,2022-06-14 00:00:00,4.5135,4.484,4.5135,4.478,1318
133,,2022-06-15 00:00:00,4.6335,4.5998,4.64,4.5998,230
134,,2022-06-16 00:00:00,4.5745,4.4915,4.5745,4.4648,16319
135,,2022-06-17 00:00:00,4.5195,4.5531,4.6526,4.5195,229
136,,2022-06-20 00:00:00,4.5699,4.6747,4.6747,4.5699,15301
137,,2022-06-21 00:00:00,4.7115,4.7333,4.7804,4.7115,263
138,,2022-06-22 00:00:00,4.6373,4.7271,4.7271,4.6373,0
139,,2022-06-23 00:00:00,4.7319,4.5237,4.7319,4.5237,7415
140,,2022-06-24 00:00:00,4.5508,4.6051,4.6123,4.486,270
141,,2022-06-27 00:00:00,4.6412,4.5998,4.6412,4.5998,3400
142,,2022-06-28 00:00:00,4.6357,4.6073,4.6357,4.6073,0
143,,2022-06-29 00:00:00,4.5747,4.5367,4.5747,4.5367,0
144,,2022-06-30 00:00:00,4.4694,4.3898,4.4694,4.3593,1063
145,,2022-07-01 00:00:00,4.3374,4.3709,4.3709,4.3374,30
146,,2022-07-04 00:00:00,4.3645,4.3518,4.3645,4.3518,0
147,,2022-07-05 00:00:00,4.3946,4.2035,4.3946,4.2035,240
148,,2022-07-06 00:00:00,4.2601,4.1647,4.263,4.1647,309
149,,2022-07-07 00:00:00,4.231,4.2974,4.2974,4.231,0
150,,2022-07-08 00:00:00,4.3022,4.3747,4.3747,4.3022,0
151,,2022-07-11 00:00:00,4.2791,4.2705,4.283,4.2705,150
152,,2022-07-12 00:00:00,4.2399,4.2158,4.2399,4.1438,440
153,,2022-07-13 00:00:00,4.2092,4.1512,4.2092,4.1512,90
154,,2022-07-14 00:00:00,4.1285,4.0061,4.1429,4.0061,2078
155,,2022-07-15 00:00:00,3.9994,4.0585,4.0585,3.9994,100
156,,2022-07-18 00:00:00,4.0997,4.1382,4.167,4.0997,860
157,,2022-07-19 00:00:00,4.1357,4.3081,4.315,4.1357,500
158,,2022-07-20 00:00:00,4.3687,4.2755,4.38,4.2755,64
159,,2022-07-21 00:00:00,4.19,4.2745,4.3341,4.19,184
160,,2022-07-22 00:00:00,4.2819,4.2018,4.2819,4.2,734
161,,2022-07-25 00:00:00,4.2119,4.2648,4.2879,4.21,32678
162,,2022-07-26 00:00:00,4.2471,4.2301,4.2471,4.2299,360
163,,2022-07-27 00:00:00,4.2859,4.2824,4.2859,4.2478,904
164,,2022-07-28 00:00:00,4.2995,4.2969,4.2995,4.2931,32
165,,2022-07-29 00:00:00,4.3693,4.3753,4.3805,4.3587,1514
166,,2022-08-01 00:00:00,4.3925,4.3551,4.4363,4.3551,1575
167,,2022-08-02 00:00:00,4.3467,4.3665,4.3665,4.3331,570
168,,2022-08-03 00:00:00,4.3762,4.4413,4.4413,4.3573,197
169,,2022-08-04 00:00:00,4.4456,4.4796,4.4969,4.4456,1307
170,,2022-08-05 00:00:00,4.4794,4.5312,4.5312,4.4794,32
171,,2022-08-08 00:00:00,4.5748,4.5496,4.5748,4.5223,120
172,,2022-08-09 00:00:00,4.544,4.5409,4.544,4.5327,300
173,,2022-08-10 00:00:00,4.5371,4.5897,4.5897,4.5371,0
174,,2022-08-11 00:00:00,4.6036,4.6039,4.6039,4.6036,2
175,,2022-08-12 00:00:00,4.6218,4.6571,4.658,4.6218,400
176,,2022-08-15 00:00:00,4.6575,4.6335,4.6575,4.6335,0
177,,2022-08-16 00:00:00,4.65,4.6527,4.6796,4.65,1692
178,,2022-08-17 00:00:00,4.689,4.5909,4.689,4.5909,120
179,,2022-08-18 00:00:00,4.5942,4.5778,4.5942,4.57,120
180,,2022-08-19 00:00:00,4.5455,4.4558,4.5455,4.4558,30
181,,2022-08-22 00:00:00,4.4347,4.3446,4.4347,4.3102,534
182,,2022-08-23 00:00:00,4.3406,4.374,4.374,4.34,150
183,,2022-08-24 00:00:00,4.3737,4.3735,4.3737,4.35,120
184,,2022-08-25 00:00:00,4.4001,4.3453,4.4001,4.3453,0
185,,2022-08-26 00:00:00,4.3596,4.2694,4.4024,4.2694,6725
186,,2022-08-29 00:00:00,4.2515,4.2716,4.2716,4.245,180
187,,2022-08-30 00:00:00,4.2879,4.3292,4.3521,4.2879,390
188,,2022-08-31 00:00:00,4.3607,4.3407,4.3607,4.3315,146
189,,2022-09-01 00:00:00,4.3182,4.2742,4.3182,4.2742,0
190,,2022-09-02 00:00:00,4.3064,4.401,4.401,4.3064,624
191,,2022-09-05 00:00:00,4.3016,4.3209,4.3209,4.3016,100
192,,2022-09-06 00:00:00,4.3442,4.3437,4.3442,4.3437,0
193,,2022-09-07 00:00:00,4.3099,4.3198,4.3198,4.3005,1288
194,,2022-09-08 00:00:00,4.3679,4.4585,4.4585,4.3679,0
195,,2022-09-09 00:00:00,4.5315,4.6001,4.625,4.5315,3300
196,,2022-09-12 00:00:00,4.6745,4.7574,4.7608,4.6745,2434
197,,2022-09-13 00:00:00,4.783,4.707,4.783,4.707,747
198,,2022-09-14 00:00:00,4.6901,4.7277,4.76,4.6901,1500
199,,2022-09-15 00:00:00,4.7656,4.8194,4.8194,4.7656,2
200,,2022-09-16 00:00:00,4.7616,4.7362,4.7616,4.7362,919
201,,2022-09-19 00:00:00,4.6951,4.7313,4.7313,4.6865,10600
202,,2022-09-20 00:00:00,4.7753,4.6915,4.8062,4.6915,682
203,,2022-09-21 00:00:00,4.641,4.668,4.668,4.641,0
204,,2022-09-22 00:00:00,4.6068,4.7133,4.7133,4.6,400
205,,2022-09-23 00:00:00,4.6751,4.5557,4.6751,4.5557,566
206,,2022-09-26 00:00:00,4.5308,4.508,4.5329,4.508,15301
207,,2022-09-27 00:00:00,4.5595,4.4105,4.5595,4.4105,0
208,,2022-09-28 00:00:00,4.377,4.3187,4.377,4.2519,31748
209,,2022-09-29 00:00:00,4.2823,4.2185,4.2823,4.2185,1475
210,,2022-09-30 00:00:00,4.2668,4.2966,4.3046,4.2668,94
211,,2022-10-03 00:00:00,4.2277,4.3425,4.3425,4.207,90
212,,2022-10-04 00:00:00,4.4227,4.5365,4.5365,4.4227,62
213,,2022-10-05 00:00:00,4.5304,4.4431,4.5304,4.4431,0
214,,2022-10-06 00:00:00,4.4694,4.3934,4.47,4.3934,20832
215,,2022-10-07 00:00:00,4.4091,4.371,4.4091,4.371,0
216,,2022-10-10 00:00:00,4.3515,4.3728,4.3728,4.3515,118
217,,2022-10-11 00:00:00,4.3091,4.3208,4.324,4.3091,120
218,,2022-10-12 00:00:00,4.3079,4.2984,4.31,4.2842,180
219,,2022-10-13 00:00:00,4.2604,4.4089,4.4089,4.2604,0
220,,2022-10-14 00:00:00,4.4938,4.53,4.53,4.47,336
221,,2022-10-17 00:00:00,4.4946,4.5394,4.552,4.4644,1121
222,,2022-10-18 00:00:00,4.5922,4.607,4.6366,4.5922,4469
223,,2022-10-19 00:00:00,4.6345,4.6112,4.6409,4.6112,60
224,,2022-10-20 00:00:00,4.6021,4.6612,4.6612,4.6021,0
225,,2022-10-21 00:00:00,4.6335,4.6589,4.6589,4.5871,4531
226,,2022-10-24 00:00:00,4.7624,4.7433,4.7624,4.7227,8914
227,,2022-10-25 00:00:00,4.7726,4.7748,4.7748,4.7329,523
228,,2022-10-26 00:00:00,4.7778,4.7666,4.7778,4.7594,7998
229,,2022-10-27 00:00:00,4.7506,4.797,4.797,4.7506,0
230,,2022-10-28 00:00:00,4.7511,4.7856,4.7856,4.7469,15120
231,,2022-10-31 00:00:00,4.8022,4.8039,4.8222,4.7964,3627
232,,2022-11-01 00:00:00,4.8511,4.8424,4.8881,4.8424,1026
233,,2022-11-02 00:00:00,4.8905,4.8389,4.8905,4.8359,3348
234,,2022-11-03 00:00:00,4.8465,4.89,4.89,4.8465,0
235,,2022-11-04 00:00:00,4.9425,4.995,5.0214,4.9425,3979
236,,2022-11-07 00:00:00,4.9669,5.0253,5.0401,4.9669,2400
237,,2022-11-08 00:00:00,5.0155,5.0265,5.0265,5.0155,0
238,,2022-11-09 00:00:00,5.0287,4.9793,5.0401,4.9793,2
239,,2022-11-10 00:00:00,4.9504,4.9873,4.9873,4.9504,0
240,,2022-11-11 00:00:00,4.9769,5.0018,5.0175,4.9769,3792
241,,2022-11-14 00:00:00,5.0419,5.0405,5.0419,5.0405,0
242,,2022-11-15 00:00:00,5.0761,5.0943,5.0943,5.0588,1
243,,2022-11-16 00:00:00,5.1007,5.0632,5.1007,5.0632,6900
244,,2022-11-17 00:00:00,5.082,5.0604,5.082,5.0604,0
245,,2022-11-18 00:00:00,5.0822,5.1393,5.1393,5.0822,0
246,,2022-11-21 00:00:00,5.1572,5.1475,5.1572,5.1318,4929
247,,2022-11-22 00:00:00,5.1657,5.1986,5.1986,5.1657,4687
248,,2022-11-23 00:00:00,5.2026,5.2029,5.2082,5.1896,1738
249,,2022-11-24 00:00:00,5.2259,5.2366,5.2366,5.2259,1
250,,2022-11-25 00:00:00,5.2627,5.2514,5.2627,5.2505,1484
251,,2022-11-28 00:00:00,5.2177,5.2177,5.2177,5.2177,0
252,,2022-11-29 00:00:00,5.1819,5.1783,5.1819,5.1712,600
253,,2022-11-30 00:00:00,5.261,5.2136,5.261,5.2136,1482
254,,2022-12-01 00:00:00,5.2513,5.2261,5.2513,5.2261,5043
255,,2022-12-02 00:00:00,5.132,5.12,5.132,5.12,5053
256,,2022-12-05 00:00:00,5.1508,5.1832,5.1832,5.1508,155
257,,2022-12-06 00:00:00,5.1245,5.119,5.13,5.119,100
258,,2022-12-07 00:00:00,5.1435,5.1435,5.1435,5.1435,0
259,,2022-12-08 00:00:00,5.1193,5.1036,5.1194,5.1036,139
260,,2022-12-09 00:00:00,5.1254,5.1219,5.1254,5.1219,10500
261,,2022-12-12 00:00:00,5.1191,5.1236,5.1236,5.1,600
262,,2022-12-13 00:00:00,5.1244,5.1712,5.1712,5.1244,2000
263,,2022-12-14 00:00:00,5.1882,5.1882,5.1882,5.1882,0
264,,2022-12-15 00:00:00,5.1355,5.017,5.1355,5.017,60
265,,2022-12-16 00:00:00,5.0254,5.0427,5.046,5.0254,40
266,,2022-12-19 00:00:00,5.1172,5.123,5.123,5.1153,150
267,,2022-12-20 00:00:00,5.0722,5.11,5.11,5.0722,220
268,,2022-12-21 00:00:00,5.2292,5.2292,5.2292,5.2292,0
269,,2022-12-22 00:00:00,5.3347,5.3427,5.3427,5.3347,187
270,,2022-12-23 00:00:00,5.3151,5.3177,5.3177,5.3151,1000
271,,2022-12-27 00:00:00,5.3435,5.3324,5.3435,5.327,15440
272,,2022-12-28 00:00:00,5.3218,5.3218,5.3218,5.3218,0
273,,2022-12-29 00:00:00,5.2695,5.2718,5.2718,5.2695,100
274,,2022-12-30 00:00:00,5.2979,5.2979,5.2979,5.2979,0
275,,2023-01-02 00:00:00,5.3297,5.3733,5.3733,5.3297,62
276,,2023-01-03 00:00:00,5.3891,5.4714,5.4714,5.3891,33
277,,2023-01-04 00:00:00,5.5247,5.6678,5.6678,5.5247,1450
278,,2023-01-05 00:00:00,5.6161,5.6881,5.6881,5.6161,35
279,,2023-01-06 00:00:00,5.6932,5.71,5.71,5.6932,2
280,,2023-01-09 00:00:00,5.7471,5.7471,5.7471,5.7471,7850
281,,2023-01-10 00:00:00,5.7001,5.7154,5.7154,5.7,1270
282,,2023-01-11 00:00:00,5.7264,5.7192,5.7264,5.7192,687
283,,2023-01-12 00:00:00,5.7396,5.7851,5.7851,5.7396,120
284,,2023-01-13 00:00:00,5.7846,5.8055,5.8121,5.7846,9470
285,,2023-01-16 00:00:00,5.8256,5.8002,5.8256,5.8,1700
286,,2023-01-17 00:00:00,5.8016,5.7572,5.8016,5.7397,11639
287,,2023-01-18 00:00:00,5.7991,5.83,5.83,5.7991,968
288,,2023-01-19 00:00:00,5.738,5.6877,5.738,5.6877,20
289,,2023-01-20 00:00:00,5.7501,5.7532,5.7647,5.7501,325
290,,2023-01-23 00:00:00,5.822,5.8311,5.8311,5.8111,69
291,,2023-01-24 00:00:00,5.8388,5.8192,5.8388,5.8124,360
292,,2023-01-25 00:00:00,5.8535,5.8187,5.8535,5.8187,16
293,,2023-01-26 00:00:00,5.9114,5.9114,5.9114,5.9114,0
294,,2023-01-27 00:00:00,6.0098,5.9914,6.0098,5.976,200
295,,2023-01-30 00:00:00,6.0172,6.0137,6.0172,6.0137,1100
296,,2023-01-31 00:00:00,6.1123,6.1123,6.1123,6.06,1391
297,,2023-02-01 00:00:00,6.152,6.2041,6.2041,6.152,3299
298,,2023-02-02 00:00:00,6.1797,6.138,6.2098,6.0966,3550
299,,2023-02-03 00:00:00,6.1371,6.147,6.1515,6.0728,142
300,,2023-02-06 00:00:00,6.0991,6.1098,6.1098,6.0774,117
301,,2023-02-07 00:00:00,6.1245,6.1826,6.1826,6.1245,212
302,,2023-02-08 00:00:00,6.2186,6.2335,6.2335,6.2186,8920
303,,2023-02-09 00:00:00,6.2561,6.3122,6.3348,6.2561,1667
304,,2023-02-10 00:00:00,6.2708,6.2029,6.2836,6.1995,10540
305,,2023-02-13 00:00:00,6.2249,6.2184,6.2249,6.2184,8417
306,,2023-02-14 00:00:00,6.2513,6.322,6.322,6.2513,1510
307,,2023-02-15 00:00:00,6.2548,6.2541,6.255,6.253,1219
308,,2023-02-16 00:00:00,6.3279,6.39,6.39,6.3279,258
309,,2023-02-17 00:00:00,6.4084,6.3928,6.4116,6.3928,3116
310,,2023-02-20 00:00:00,6.4495,6.3749,6.4495,6.3749,2559
311,,2023-02-21 00:00:00,6.3622,6.3866,6.3866,6.298,4654
312,,2023-02-22 00:00:00,6.3322,6.237,6.3322,6.2363,235
313,,2023-02-23 00:00:00,6.2589,6.31,6.31,6.2589,160
314,,2023-02-24 00:00:00,6.3225,6.2802,6.3225,6.2802,5894
315,,2023-02-27 00:00:00,6.3091,6.4145,6.4145,6.3091,3810
316,,2023-02-28 00:00:00,6.3589,6.3589,6.3589,6.3589,779
317,,2023-03-01 00:00:00,6.5003,6.4585,6.5003,6.4585,866
318,,2023-03-02 00:00:00,6.3273,6.3819,6.3819,6.3,1563
319,,2023-03-03 00:00:00,6.4033,6.4653,6.4653,6.396,1719
320,,2023-03-06 00:00:00,6.5421,6.5555,6.5607,6.51,296
321,,2023-03-07 00:00:00,6.5648,6.4549,6.5814,6.4549,707
322,,2023-03-08 00:00:00,6.432,6.5205,6.5205,6.432,3779
323,,2023-03-09 00:00:00,6.4933,6.39,6.4933,6.39,1354
324,,2023-03-10 00:00:00,6.0946,6.1443,6.1741,6.0605,34112
325,,2023-03-13 00:00:00,6.0679,5.7579,6.0721,5.7,17291
326,,2023-03-14 00:00:00,5.7024,5.9349,5.9358,5.6823,55782
327,,2023-03-15 00:00:00,5.8849,5.4032,5.9297,5.3965,26393
328,,2023-03-16 00:00:00,5.6313,5.5,5.6313,5.3875,43158
329,,2023-03-17 00:00:00,5.606,5.3378,5.657,5.28,31890
330,,2023-03-20 00:00:00,5.26,5.4588,5.51,5.0286,18534
331,,2023-03-21 00:00:00,5.5643,5.7233,5.725,5.5643,60000
332,,2023-03-22 00:00:00,5.6664,5.6752,5.7945,5.6574,12122
333,,2023-03-23 00:00:00,5.5865,5.5355,5.6573,5.5355,44866
334,,2023-03-24 00:00:00,5.4267,5.3297,5.4538,5.2,125528
335,,2023-03-27 00:00:00,5.3431,5.3972,5.41,5.334,37921
336,,2023-03-28 00:00:00,5.5046,5.4526,5.5046,5.3826,11193
337,,2023-03-29 00:00:00,5.503,5.5698,5.5698,5.49,1254
338,,2023-03-30 00:00:00,5.6051,5.6647,5.7092,5.6,8435
339,,2023-03-31 00:00:00,5.6823,5.6698,5.6823,5.5869,7473
340,,2023-04-03 00:00:00,5.66,5.7073,5.7632,5.6578,21787
341,,2023-04-04 00:00:00,5.7106,5.68,5.77,5.68,52819
342,,2023-04-05 00:00:00,5.7073,5.6509,5.7073,5.6283,10827
343,,2023-04-06 00:00:00,5.6937,5.7989,5.7989,5.6937,24592
344,,2023-04-11 00:00:00,5.8892,5.7733,5.8892,5.7733,862
345,,2023-04-12 00:00:00,5.8214,5.8145,5.8525,5.8127,3285
346,,2023-04-13 00:00:00,5.8259,5.8314,5.8799,5.81,15518
347,,2023-04-14 00:00:00,5.8315,6.014,6.014,5.8315,19825
348,,2023-04-17 00:00:00,6.0336,5.9318,6.05,5.9318,577
349,,2023-04-18 00:00:00,5.9742,6.0477,6.0579,5.9742,1295
350,,2023-04-19 00:00:00,6.0629,6.0907,6.0907,6.007,6122
351,,2023-04-20 00:00:00,6.1605,6.0159,6.1605,6.0159,26622
352,,2023-04-21 00:00:00,6.0056,6.0038,6.01,5.965,1987
353,,2023-04-24 00:00:00,5.9792,6.027,6.0611,5.9792,27093
354,,2023-04-25 00:00:00,5.9352,5.8703,5.9352,5.8537,25346
355,,2023-04-26 00:00:00,5.83,5.83,5.83,5.7242,32750
356,,2023-04-27 00:00:00,5.8436,5.9319,5.94,5.8436,74264
357,,2023-04-28 00:00:00,5.9425,5.82,5.9425,5.75,49049
358,,2023-05-02 00:00:00,5.8826,5.6788,5.8826,5.676,104116
359,,2023-05-03 00:00:00,5.7401,5.685,5.7444,5.6836,83561
360,,2023-05-04 00:00:00,5.6604,5.5864,5.6826,5.58,16724
361,,2023-05-05 00:00:00,5.6546,5.749,5.749,5.65,28018
362,,2023-05-08 00:00:00,5.801,5.7871,5.8268,5.7871,841
363,,2023-05-09 00:00:00,5.8134,5.7844,5.835,5.76,25223
364,,2023-05-10 00:00:00,5.868,5.7476,5.868,5.7476,41611
365,,2023-05-11 00:00:00,5.8016,5.7499,5.8016,5.7049,12520
366,,2023-05-12 00:00:00,5.812,5.8172,5.8311,5.795,27879
367,,2023-05-15 00:00:00,5.833,5.8001,5.833,5.7687,19959
368,,2023-05-16 00:00:00,5.7816,5.792,5.8188,5.7713,40247
369,,2023-05-17 00:00:00,5.75,5.793,5.7943,5.75,88848
370,,2023-05-18 00:00:00,5.8534,5.8845,5.92,5.8529,370383
371,,2023-05-19 00:00:00,5.889,5.9,5.9439,5.8627,25017
372,,2023-05-22 00:00:00,6.0169,5.9459,6.0169,5.8998,3058
373,,2023-05-23 00:00:00,5.9391,5.968,5.979,5.9332,29545
374,,2023-05-24 00:00:00,5.9279,5.8414,5.9279,5.8184,54248
375,,2023-05-25 00:00:00,5.8064,5.857,5.8693,5.7676,20061
376,,2023-05-26 00:00:00,5.8803,5.8925,5.8925,5.8,31293
377,,2023-05-29 00:00:00,5.9605,5.81,5.9605,5.81,12797
378,,2023-05-30 00:00:00,5.8031,5.763,5.8909,5.76,10887
379,,2023-05-31 00:00:00,5.7312,5.663,5.7729,5.663,89270
380,,2023-06-01 00:00:00,5.7228,5.7757,5.7757,5.7211,4037
381,,2023-06-02 00:00:00,5.8101,5.9218,5.9251,5.8101,21919
382,,2023-06-05 00:00:00,5.9381,5.8632,5.9624,5.8425,106422
383,,2023-06-06 00:00:00,5.8258,5.9068,5.9068,5.82,23750
384,,2023-06-07 00:00:00,5.9352,5.925,5.9352,5.88,10746
385,,2023-06-08 00:00:00,5.9584,5.9612,6.0336,5.9519,17271
386,,2023-06-09 00:00:00,5.9865,5.919,5.9865,5.9147,1821
387,,2023-06-12 00:00:00,5.9555,5.9547,6.0058,5.9175,2475
388,,2023-06-13 00:00:00,5.9334,5.9604,5.9604,5.89,19588
389,,2023-06-14 00:00:00,5.947,6.0464,6.0721,5.947,11592
390,,2023-06-15 00:00:00,6.0224,5.9954,6.0224,5.98,23687
391,,2023-06-16 00:00:00,5.9956,6.039,6.039,5.9956,364
392,,2023-06-19 00:00:00,6.0233,6.0626,6.1074,6.02,5477
393,,2023-06-20 00:00:00,6.031,6.0291,6.0511,6.0215,675
394,,2023-06-21 00:00:00,6.035,6.0714,6.1101,6.035,23389
395,,2023-06-22 00:00:00,5.9946,5.9623,6.0,5.9294,14254
396,,2023-06-23 00:00:00,5.9342,5.8463,5.9342,5.8348,205243
397,,2023-06-26 00:00:00,5.8375,5.8881,5.9066,5.75,29507
398,,2023-06-27 00:00:00,5.9581,5.9809,5.9873,5.9165,31473
399,,2023-06-28 00:00:00,5.9965,6.0066,6.013,5.9903,2379
400,,2023-06-29 00:00:00,6.0384,6.1008,6.1008,6.0384,5760
401,,2023-06-30 00:00:00,6.1541,6.1845,6.22,6.1273,3824
402,,2023-07-03 00:00:00,6.19,6.24,6.2905,6.19,9936
403,,2023-07-04 00:00:00,6.2939,6.1951,6.2949,6.195,2933
404,,2023-07-05 00:00:00,6.1536,6.1542,6.19,6.1475,90947
405,,2023-07-06 00:00:00,6.0935,5.996,6.0959,5.996,1941
406,,2023-07-07 00:00:00,6.0229,6.0714,6.074,5.9959,2018
407,,2023-07-10 00:00:00,6.0582,6.0811,6.1414,6.0579,1087
408,,2023-07-11 00:00:00,6.104,6.17,6.171,6.0715,1304
409,,2023-07-12 00:00:00,6.18,6.2622,6.2744,6.18,19337
410,,2023-07-13 00:00:00,6.2631,6.3168,6.3493,6.2609,11618
411,,2023-07-14 00:00:00,6.3296,6.2955,6.36,6.2955,17399
412,,2023-07-17 00:00:00,6.2911,6.33,6.3428,6.279,2952
413,,2023-07-18 00:00:00,6.33,6.3621,6.3621,6.3,803
414,,2023-07-19 00:00:00,6.414,6.3658,6.414,6.3489,3098
415,,2023-07-20 00:00:00,6.3963,6.4079,6.4135,6.3794,1920
416,,2023-07-21 00:00:00,6.4545,6.41,6.4545,6.3961,36687
417,,2023-07-24 00:00:00,6.3678,6.4402,6.4402,6.3504,20378
418,,2023-07-25 00:00:00,6.45,6.455,6.4815,6.45,12316
419,,2023-07-26 00:00:00,6.4975,6.45,6.5,6.4448,2950
420,,2023-07-27 00:00:00,6.51,6.5168,6.5522,6.4858,1987
421,,2023-07-28 00:00:00,6.5425,6.5267,6.5725,6.52,1522
422,,2023-07-31 00:00:00,6.571,6.5552,6.571,6.53,8164
423,,2023-08-01 00:00:00,6.5549,6.4486,6.5549,6.441,14094
424,,2023-08-02 00:00:00,6.3443,6.3382,6.4195,6.33,135542
425,,2023-08-03 00:00:00,6.3579,6.3994,6.3994,6.3,96598
426,,2023-08-04 00:00:00,6.45,6.48,6.48,6.4102,2668
427,,2023-08-07 00:00:00,6.4641,6.5,6.5225,6.4641,4938
428,,2023-08-08 00:00:00,6.3498,6.281,6.37,6.21,5201
429,,2023-08-09 00:00:00,6.4095,6.385,6.41,6.3459,3188
430,,2023-08-10 00:00:00,6.4191,6.4847,6.49,6.4,6028
431,,2023-08-11 00:00:00,6.4703,6.4341,6.4703,6.413,1854
432,,2023-08-14 00:00:00,6.4189,6.451,6.488,6.4189,12842
433,,2023-08-15 00:00:00,6.4322,6.3796,6.4322,6.3654,3295
434,,2023-08-16 00:00:00,6.3395,6.3743,6.4,6.3395,602
435,,2023-08-17 00:00:00,6.3678,6.336,6.4149,6.3266,9606
436,,2023-08-18 00:00:00,6.3188,6.303,6.3293,6.2601,1530
437,,2023-08-21 00:00:00,6.338,6.3384,6.4,6.3314,1816
438,,2023-08-22 00:00:00,6.3935,6.3829,6.42,6.3829,948
439,,2023-08-23 00:00:00,6.405,6.3444,6.44,6.334,1020
440,,2023-08-24 00:00:00,6.3944,6.3498,6.3944,6.3195,1601
441,,2023-08-25 00:00:00,6.3447,6.345,6.4,6.3246,1319
442,,2023-08-28 00:00:00,6.393,6.4431,6.45,6.39,807
443,,2023-08-29 00:00:00,6.47,6.4881,6.5,6.45,3943
444,,2023-08-30 00:00:00,6.54,6.5199,6.5711,6.5199,3183
445,,2023-08-31 00:00:00,6.5165,6.4571,6.5403,6.45,2706
446,,2023-09-01 00:00:00,6.451,6.3998,6.4648,6.39,859
447,,2023-09-04 00:00:00,6.4247,6.378,6.4409,6.3727,3989
448,,2023-09-05 00:00:00,6.3324,6.34,6.39,6.2917,1498
449,,2023-09-06 00:00:00,6.2846,6.226,6.3089,6.18,2810
450,,2023-09-07 00:00:00,6.2029,6.15,6.2285,6.15,3220
451,,2023-09-08 00:00:00,6.1803,6.1679,6.1803,6.1,1007
452,,2023-09-11 00:00:00,6.255,6.2689,6.2708,6.2431,451
453,,2023-09-12 00:00:00,6.2751,6.2691,6.282,6.2579,1242
454,,2023-09-13 00:00:00,6.2941,6.2979,6.3178,6.26,2056
455,,2023-09-14 00:00:00,6.2696,6.3901,6.4114,6.2696,762
456,,2023-09-15 00:00:00,6.4413,6.3963,6.4509,6.3963,792
457,,2023-09-18 00:00:00,6.3716,6.2555,6.3796,6.2379,5566
458,,2023-09-19 00:00:00,6.2561,6.3382,6.3382,6.2561,233
459,,2023-09-20 00:00:00,6.3672,6.469,6.4756,6.36,12176
460,,2023-09-21 00:00:00,6.4318,6.45,6.4552,6.3973,4544
461,,2023-09-22 00:00:00,6.4265,6.3541,6.4265,6.3541,1788
462,,2023-09-25 00:00:00,6.3633,6.3048,6.3716,6.3048,707
463,,2023-09-26 00:00:00,6.3199,6.3133,6.3349,6.265,17932
464,,2023-09-27 00:00:00,6.3057,6.327,6.36,6.3,3619
465,,2023-09-28 00:00:00,6.3466,6.42,6.42,6.3147,56298
466,,2023-09-29 00:00:00,6.4319,6.4491,6.4832,6.4319,60297
467,,2023-10-02 00:00:00,6.4695,6.3669,6.4898,6.3571,32514
468,,2023-10-03 00:00:00,6.3483,6.2855,6.4061,6.2745,23538
469,,2023-10-04 00:00:00,6.2281,6.2497,6.29,6.22,2245
470,,2023-10-05 00:00:00,6.3068,6.3082,6.3101,6.24,705
471,,2023-10-06 00:00:00,6.3142,6.3541,6.3969,6.3142,1878
472,,2023-10-09 00:00:00,6.3449,6.2816,6.3449,6.27,30681
473,,2023-10-10 00:00:00,6.3755,6.452,6.452,6.3755,789
474,,2023-10-11 00:00:00,6.4393,6.4894,6.4981,6.43,464
475,,2023-10-12 00:00:00,6.49,6.4571,6.5,6.43,1757
476,,2023-10-13 00:00:00,6.4382,6.3163,6.4382,6.3151,2414
477,,2023-10-16 00:00:00,6.3685,6.389,6.4159,6.31,2198
478,,2023-10-17 00:00:00,6.3883,6.362,6.422,6.3368,747
479,,2023-10-18 00:00:00,6.3728,6.32,6.3977,6.32,3597
480,,2023-10-19 00:00:00,6.3033,6.277,6.3033,6.25,31709
481,,2023-10-20 00:00:00,6.2061,6.1849,6.2448,6.178,11477
482,,2023-10-23 00:00:00,6.1985,6.1799,6.1985,6.1301,1458
483,,2023-10-24 00:00:00,6.185,6.13,6.1899,6.0902,31610
484,,2023-10-25 00:00:00,6.1276,6.1524,6.1524,6.0887,437
485,,2023-10-26 00:00:00,6.0788,6.15,6.15,6.04,65600
486,,2023-10-27 00:00:00,6.2358,6.165,6.256,6.165,1882
487,,2023-10-30 00:00:00,6.1828,6.2011,6.203,6.1574,6591
488,,2023-10-31 00:00:00,6.2139,6.226,6.2779,6.2139,12127
489,,2023-11-01 00:00:00,6.2737,6.287,6.308,6.264,1596
490,,2023-11-02 00:00:00,6.3123,6.318,6.339,6.2868,35416
491,,2023-11-03 00:00:00,6.3597,6.4066,6.42,6.3411,19483
492,,2023-11-06 00:00:00,6.414,6.392,6.4219,6.39,24992
493,,2023-11-07 00:00:00,6.3788,6.363,6.402,6.3172,13802
494,,2023-11-08 00:00:00,6.3153,6.3799,6.3991,6.3078,1974
495,,2023-11-09 00:00:00,6.3612,6.4189,6.4199,6.3459,25508
496,,2023-11-10 00:00:00,6.4037,6.398,6.43,6.3671,4717
497,,2023-11-13 00:00:00,6.43,6.48,6.48,6.43,9418
498,,2023-11-14 00:00:00,6.4883,6.5574,6.56,6.48,14473
499,,2023-11-15 00:00:00,6.5733,6.583,6.6043,6.5442,7538
500,,2023-11-16 00:00:00,6.5997,6.563,6.619,6.563,28876
501,,2023-11-17 00:00:00,6.5973,6.6557,6.6557,6.5973,5503
502,,2023-11-20 00:00:00,6.7017,6.6768,6.7017,6.663,4107
503,,2023-11-21 00:00:00,6.6456,6.631,6.652,6.6184,11075
504,,2023-11-22 00:00:00,6.6462,6.6516,6.67,6.6292,1074
505,,2023-11-23 00:00:00,6.6244,6.665,6.665,6.6244,434
506,,2023-11-24 00:00:00,6.6847,6.6981,6.7099,6.68,4656
507,,2023-11-27 00:00:00,6.6922,6.648,6.6922,6.6479,6643
508,,2023-11-28 00:00:00,6.6541,6.67,6.67,6.65,21500
509,,2023-11-29 00:00:00,6.6909,6.761,6.761,6.681,26167
510,,2023-11-30 00:00:00,6.7669,6.755,6.7819,6.75,4088
511,,2023-12-01 00:00:00,6.7968,6.787,6.7968,6.765,1334
512,,2023-12-04 00:00:00,6.8127,6.834,6.8369,6.7912,4379
513,,2023-12-05 00:00:00,6.8432,6.87,6.871,6.827,12554
514,,2023-12-06 00:00:00,6.8811,6.917,6.9448,6.87,3642
515,,2023-12-07 00:00:00,6.9009,6.8472,6.9009,6.8,2575
516,,2023-12-08 00:00:00,6.8441,6.92,6.92,6.8383,8502
517,,2023-12-11 00:00:00,6.9281,6.925,6.9349,6.9017,2558
518,,2023-12-12 00:00:00,6.9555,6.883,6.9555,6.883,2720
519,,2023-12-13 00:00:00,6.8567,6.856,6.882,6.855,5975
520,,2023-12-14 00:00:00,6.9198,6.8616,6.9198,6.808,3701
521,,2023-12-15 00:00:00,6.9049,6.8542,6.9098,6.8373,13292
522,,2023-12-18 00:00:00,6.8438,6.836,6.8703,6.8325,21312
523,,2023-12-19 00:00:00,6.8256,6.852,6.86,6.825,3188
524,,2023-12-20 00:00:00,6.896,6.8517,6.896,6.8176,12789
525,,2023-12-21 00:00:00,6.8447,6.8362,6.85,6.817,1343
526,,2023-12-22 00:00:00,6.8625,6.87,6.9059,6.85,2453
527,,2023-12-27 00:00:00,6.9031,6.9086,6.92,6.869,8452
528,,2023-12-28 00:00:00,6.9307,6.8502,6.9307,6.85,1742
529,,2023-12-29 00:00:00,6.8733,6.8855,6.9,6.8667,29403
530,,2024-01-02 00:00:00,6.9317,6.9879,7.0248,6.93,43081
531,,2024-01-03 00:00:00,7.0106,6.9129,7.0239,6.8792,5977
532,,2024-01-04 00:00:00,6.927,7.035,7.035,6.9162,1644
533,,2024-01-05 00:00:00,7.0046,7.0861,7.1329,6.9893,3293
534,,2024-01-08 00:00:00,7.1103,7.1161,7.1307,7.07,3164
535,,2024-01-09 00:00:00,7.1043,7.0361,7.1043,7.0,3538
536,,2024-01-10 00:00:00,6.9905,7.01,7.0299,6.99,3130
537,,2024-01-11 00:00:00,7.0376,6.8949,7.0376,6.8876,2249
538,,2024-01-12 00:00:00,6.9184,6.9037,6.9512,6.89,731
539,,2024-01-15 00:00:00,6.9355,6.887,6.9355,6.855,5648
540,,2024-01-16 00:00:00,6.8178,6.824,6.8295,6.7801,2129
541,,2024-01-17 00:00:00,6.7621,6.782,6.79,6.725,4197
542,,2024-01-18 00:00:00,6.791,6.85,6.88,6.791,4024
543,,2024-01-19 00:00:00,6.898,6.834,6.9019,6.8301,2982
544,,2024-01-22 00:00:00,6.9227,6.9051,6.9389,6.8921,1860
545,,2024-01-23 00:00:00,6.9149,6.8819,6.9149,6.8661,2890
546,,2024-01-24 00:00:00,6.9324,6.9719,6.9719,6.9071,3937
547,,2024-01-25 00:00:00,6.9157,6.9202,6.942,6.901,937
548,,2024-01-26 00:00:00,6.926,6.9371,6.9599,6.9041,2696
549,,2024-01-29 00:00:00,6.9803,6.895,6.9809,6.89,40614
550,,2024-01-30 00:00:00,6.9261,7.0234,7.026,6.9111,5263
551,,2024-01-31 00:00:00,7.0473,7.0495,7.1219,7.034,8849
552,,2024-02-01 00:00:00,6.8919,6.845,6.9719,6.845,4222
553,,2024-02-02 00:00:00,6.8982,6.917,6.9439,6.8779,5803
554,,2024-02-05 00:00:00,6.9779,6.9039,6.984,6.888,4257
555,,2024-02-06 00:00:00,6.9546,6.9218,6.9565,6.8972,3730
556,,2024-02-07 00:00:00,6.9046,6.8149,6.9046,6.7902,5348
557,,2024-02-08 00:00:00,6.8163,6.8234,6.8527,6.7986,2931
558,,2024-02-09 00:00:00,6.8231,6.7809,6.8319,6.766,2519
559,,2024-02-12 00:00:00,6.8551,6.898,6.898,6.8336,4962
560,,2024-02-13 00:00:00,6.895,6.8715,6.9189,6.862,5188
561,,2024-02-14 00:00:00,6.8747,6.8935,6.94,6.8747,2552
562,,2024-02-15 00:00:00,6.8962,6.8798,6.9,6.845,9841
563,,2024-02-16 00:00:00,6.9442,6.9079,6.967,6.9079,2183
564,,2024-02-19 00:00:00,6.9293,6.95,6.9669,6.9293,2087
565,,2024-02-20 00:00:00,6.9513,6.9791,6.9917,6.9401,7047
566,,2024-02-21 00:00:00,7.016,7.045,7.0748,7.0118,2393
567,,2024-02-22 00:00:00,7.0989,7.0995,7.1419,7.0724,12336
568,,2024-02-23 00:00:00,7.1035,7.1338,7.1461,7.086,14821
569,,2024-02-26 00:00:00,7.1416,7.1099,7.1416,7.095,1748
570,,2024-02-27 00:00:00,7.0939,7.1202,7.1202,7.08,1630
571,,2024-02-28 00:00:00,7.1253,7.125,7.15,7.1114,1610
572,,2024-02-29 00:00:00,7.1458,7.0924,7.1513,7.0924,1636
573,,2024-03-01 00:00:00,7.1133,7.1851,7.19,7.1133,2991
574,,2024-03-04 00:00:00,7.192,7.2131,7.233,7.19,1419
575,,2024-03-05 00:00:00,7.2178,7.2654,7.2654,7.2178,4035
576,,2024-03-06 00:00:00,7.2789,7.314,7.3553,7.2641,181127
577,,2024-03-07 00:00:00,7.314,7.368,7.3784,7.314,11424
578,,2024-03-08 00:00:00,7.3851,7.3861,7.4278,7.38,3413
579,,2024-03-11 00:00:00,7.3286,7.406,7.406,7.3286,2589
580,,2024-03-12 00:00:00,7.45,7.538,7.554,7.4324,9228
581,,2024-03-13 00:00:00,7.5792,7.6061,7.6489,7.5792,31313
582,,2024-03-14 00:00:00,7.5993,7.55,7.6228,7.55,6606
583,,2024-03-15 00:00:00,7.5601,7.662,7.67,7.5601,19046
584,,2024-03-18 00:00:00,7.6543,7.6948,7.7053,7.6543,8388
585,,2024-03-19 00:00:00,7.7145,7.7979,7.7997,7.7145,3586
586,,2024-03-20 00:00:00,7.8106,7.7677,7.8149,7.7391,3513
587,,2024-03-21 00:00:00,7.8574,7.8855,7.8883,7.8231,13779
588,,2024-03-22 00:00:00,7.8973,7.9151,7.95,7.8973,9926
589,,2024-03-25 00:00:00,7.9257,7.9379,7.9618,7.9101,69815
590,,2024-03-26 00:00:00,7.9728,8.0055,8.0429,7.9728,9174
591,,2024-03-27 00:00:00,8.04,8.0547,8.09,8.04,7528
592,,2024-03-28 00:00:00,8.1055,8.1299,8.1577,8.0972,7429
593,,2024-04-02 00:00:00,8.194,8.1507,8.2,8.1201,8429
594,,2024-04-03 00:00:00,8.1965,8.276,8.2811,8.1909,11289
595,,2024-04-04 00:00:00,8.3114,8.333,8.3553,8.297,90091
596,,2024-04-05 00:00:00,8.219,8.2306,8.2335,8.1401,16252
597,,2024-04-08 00:00:00,8.2679,8.3171,8.3229,8.2442,27975
598,,2024-04-09 00:00:00,8.32,8.2369,8.3254,8.23,27985
599,,2024-04-10 00:00:00,8.2905,8.28,8.3199,8.19,34480
600,,2024-04-11 00:00:00,8.296,8.0925,8.3011,8.038,75913
601,,2024-04-12 00:00:00,8.165,8.0607,8.1856,8.0501,7886
602,,2024-04-15 00:00:00,8.1171,8.0916,8.18,8.0844,8713
603,,2024-04-16 00:00:00,7.9769,7.9299,7.9938,7.929,7306
604,,2024-04-17 00:00:00,7.978,8.047,8.1002,7.9721,40506
605,,2024-04-18 00:00:00,8.1036,8.194,8.199,8.0872,13870
606,,2024-04-19 00:00:00,8.0897,8.215,8.22,8.0897,18123
607,,2024-04-22 00:00:00,8.2906,8.3301,8.35,8.23,81503
608,,2024-04-23 00:00:00,8.4085,8.529,8.5326,8.389,14078
609,,2024-04-24 00:00:00,8.5491,8.4824,8.5491,8.45,7162
610,,2024-04-25 00:00:00,8.529,8.5145,8.5879,8.4552,6360
611,,2024-04-26 00:00:00,8.5665,8.61,8.6319,8.5569,20807
612,,2024-04-29 00:00:00,8.6771,8.5222,8.6816,8.5072,9760
613,,2024-04-30 00:00:00,8.5469,8.433,8.5545,8.42,45106
614,,2024-05-02 00:00:00,8.5253,8.4833,8.5468,8.46,114355
615,,2024-05-03 00:00:00,8.5644,8.418,8.5644,8.376,42221
616,,2024-05-06 00:00:00,8.4186,8.509,8.512,8.41,59538
617,,2024-05-07 00:00:00,8.5775,8.6992,8.7081,8.5771,13357
618,,2024-05-08 00:00:00,8.7453,8.689,8.7453,8.64,8072
619,,2024-05-09 00:00:00,8.6865,8.6669,8.6865,8.6,4768
620,,2024-05-10 00:00:00,8.6834,8.695,8.7272,8.6749,25465
621,,2024-05-13 00:00:00,8.7173,8.7189,8.7479,8.69,57303
622,,2024-05-14 00:00:00,8.7424,8.8262,8.84,8.73,10966
623,,2024-05-15 00:00:00,8.8591,8.887,8.8929,8.8048,18689
624,,2024-05-16 00:00:00,8.8785,8.8283,8.8785,8.8235,23548
625,,2024-05-17 00:00:00,8.85,8.9256,8.932,8.8499,57066
626,,2024-05-20 00:00:00,8.9779,8.943,8.9816,8.9192,48427
627,,2024-05-21 00:00:00,8.9178,8.92,8.92,8.8469,10131
628,,2024-05-22 00:00:00,8.911,8.8746,8.9361,8.8745,6142
629,,2024-05-23 00:00:00,8.8786,8.8771,8.9079,8.84,9571
630,,2024-05-24 00:00:00,8.7806,8.8635,8.8665,8.7437,16608
631,,2024-05-27 00:00:00,8.8768,8.8549,8.8768,8.8291,60070
632,,2024-05-28 00:00:00,8.8938,8.9042,8.923,8.8611,9793
633,,2024-05-29 00:00:00,8.9083,8.7661,8.9083,8.74,12204
634,,2024-05-30 00:00:00,8.7742,8.8982,8.8999,8.7661,12332
635,,2024-05-31 00:00:00,8.9422,8.9017,8.9488,8.875,5961
636,,2024-06-03 00:00:00,8.9987,8.936,9.0229,8.9231,15731
637,,2024-06-04 00:00:00,8.9157,8.7004,8.9157,8.6614,25282
638,,2024-06-05 00:00:00,8.731,8.6716,8.7537,8.66,11463
639,,2024-06-06 00:00:00,8.6877,8.817,8.8449,8.6362,69255
640,,2024-06-07 00:00:00,8.8553,8.8474,8.8859,8.7753,15222
641,,2024-06-10 00:00:00,8.6994,8.7,8.715,8.65,26625
642,,2024-06-11 00:00:00,8.7062,8.4851,8.7062,8.4338,24750
643,,2024-06-12 00:00:00,8.5129,8.5545,8.5847,8.5129,46294
644,,2024-06-13 00:00:00,8.5357,8.3068,8.5357,8.2582,57705
645,,2024-06-14 00:00:00,8.2659,8.1309,8.2699,7.9941,1091945
646,,2024-06-17 00:00:00,8.1931,8.2332,8.2743,8.1123,522424
647,,2024-06-18 00:00:00,8.3624,8.319,8.3624,8.2609,39592
648,,2024-06-19 00:00:00,8.3264,8.3054,8.3677,8.2756,79145
649,,2024-06-20 00:00:00,8.3209,8.4,8.4031,8.3209,31696
650,,2024-06-21 00:00:00,8.391,8.2356,8.391,8.1855,41968
651,,2024-06-24 00:00:00,8.3161,8.4357,8.4401,8.3001,11769
652,,2024-06-25 00:00:00,8.4628,8.3576,8.4628,8.34,19670
653,,2024-06-26 00:00:00,8.4227,8.313,8.4227,8.2782,10376
654,,2024-06-27 00:00:00,8.321,8.3051,8.3544,8.2866,6675
655,,2024-06-28 00:00:00,8.3578,8.2977,8.3607,8.2609,36908
656,,2024-07-01 00:00:00,8.5377,8.5313,8.5602,8.4461,39133
657,,2024-07-02 00:00:00,8.4943,8.4281,8.5,8.3912,13584
658,,2024-07-03 00:00:00,8.4794,8.596,8.6307,8.4794,39502
659,,2024-07-04 00:00:00,8.6573,8.7097,8.72,8.6573,75904
660,,2024-07-05 00:00:00,8.717,8.6484,8.7287,8.5847,50274
661,,2024-07-08 00:00:00,8.621,8.648,8.76,8.611,75247
662,,2024-07-09 00:00:00,8.6288,8.5486,8.6288,8.4952,13965
663,,2024-07-10 00:00:00,8.5719,8.6376,8.6376,8.5053,10212
664,,2024-07-11 00:00:00,8.6751,8.6383,8.6929,8.5983,8981
665,,2024-07-12 00:00:00,8.6446,8.6906,8.7068,8.6446,7045
666,,2024-07-15 00:00:00,8.6637,8.6572,8.7,8.5901,8067
667,,2024-07-16 00:00:00,8.6302,8.6889,8.6989,8.6,22989
668,,2024-07-17 00:00:00,8.68,8.7355,8.7574,8.6632,40402
669,,2024-07-18 00:00:00,8.7849,8.7944,8.8272,8.7647,16699
670,,2024-07-19 00:00:00,8.7363,8.724,8.7599,8.7,19866
671,,2024-07-22 00:00:00,8.9028,8.9028,8.9279,8.7901,12605
672,,2024-07-23 00:00:00,8.9557,8.9557,8.9989,8.91,10416
673,,2024-07-24 00:00:00,8.9474,8.9216,8.9839,8.8211,49105
674,,2024-07-25 00:00:00,8.8258,8.8411,8.8473,8.6706,10505
675,,2024-07-26 00:00:00,8.8664,8.824,8.8689,8.7881,6890
676,,2024-07-29 00:00:00,8.9169,8.7662,8.9169,8.74,10519
677,,2024-07-30 00:00:00,8.8009,8.8879,8.9228,8.7908,7985
678,,2024-07-31 00:00:00,8.9102,8.7699,8.9102,8.7203,37880
679,,2024-08-01 00:00:00,8.7331,8.4179,8.7331,8.3965,27949
680,,2024-08-02 00:00:00,8.2706,8.0584,8.3269,8.0093,81034
681,,2024-08-05 00:00:00,7.7513,7.9018,7.9239,7.6886,56254
682,,2024-08-06 00:00:00,8.0017,7.8498,8.0017,7.7819,22177
683,,2024-08-07 00:00:00,7.932,8.084,8.127,7.9289,27350
684,,2024-08-08 00:00:00,7.987,8.0336,8.0731,7.9276,13326
685,,2024-08-09 00:00:00,8.0883,8.0912,8.1629,8.0336,21227
686,,2024-08-12 00:00:00,8.1184,8.0956,8.1678,8.079,14738
687,,2024-08-13 00:00:00,8.146,8.1234,8.15,8.0799,5796
688,,2024-08-14 00:00:00,8.163,8.1585,8.186,8.14,7858
689,,2024-08-15 00:00:00,8.1931,8.3567,8.3629,8.1671,6888
690,,2024-08-16 00:00:00,8.3795,8.3884,8.403,8.3241,7376
691,,2024-08-19 00:00:00,8.432,8.4658,8.5,8.4142,12884
692,,2024-08-20 00:00:00,8.4984,8.3889,8.4984,8.3521,8977
693,,2024-08-21 00:00:00,8.39,8.4229,8.4549,8.3739,13294
694,,2024-08-22 00:00:00,8.4304,8.4521,8.4799,8.38,12405
695,,2024-08-23 00:00:00,8.4958,8.54,8.541,8.4958,9689
696,,2024-08-26 00:00:00,8.5437,8.5315,8.5539,8.4871,15052
697,,2024-08-27 00:00:00,8.551,8.6049,8.6149,8.5321,12953
698,,2024-08-28 00:00:00,8.6296,8.6088,8.6319,8.541,48093
699,,2024-08-29 00:00:00,8.6123,8.6419,8.6858,8.6088,8461
700,,2024-08-30 00:00:00,8.693,8.7019,8.715,8.68,7568
701,,2024-09-02 00:00:00,8.7311,8.719,8.7679,8.65,18786
702,,2024-09-03 00:00:00,8.7332,8.5341,8.736,8.4997,17095
703,,2024-09-04 00:00:00,8.4246,8.4891,8.5569,8.4129,16815
704,,2024-09-05 00:00:00,8.4649,8.5965,8.6647,8.4649,10665
705,,2024-09-06 00:00:00,8.5467,8.4779,8.6069,8.471,9489
706,,2024-09-09 00:00:00,8.4778,8.5516,8.5846,8.4778,9125
707,,2024-09-10 00:00:00,8.5209,8.417,8.605,8.4,7676
708,,2024-09-11 00:00:00,8.5049,8.4176,8.52,8.3721,9798
709,,2024-09-12 00:00:00,8.5387,8.5661,8.607,8.4949,16965
710,,2024-09-13 00:00:00,8.5751,8.643,8.6706,8.5682,11851
711,,2024-09-16 00:00:00,8.6196,8.6301,8.6776,8.5918,45534
712,,2024-09-17 00:00:00,8.7002,8.7461,8.78,8.6841,59319
713,,2024-09-18 00:00:00,8.7731,8.7749,8.818,8.7429,22893
714,,2024-09-19 00:00:00,8.85,8.8655,8.8729,8.785,63005
715,,2024-09-20 00:00:00,8.9123,8.8772,8.9599,8.8443,13714
716,,2024-09-23 00:00:00,8.862,8.7249,8.862,8.6931,10851
717,,2024-09-24 00:00:00,8.7802,8.7729,8.8439,8.745,10679
718,,2024-09-25 00:00:00,8.7302,8.76,8.8249,8.682,12790
