,Unnamed: 0.1,Unnamed: 0,date,open,close,high,low,volumme
0,0.0,0.0,2021-12-14,11.531,11.322,11.531,11.322,0
1,1.0,1.0,2021-12-15,11.367,11.295,11.367,11.295,0
2,2.0,2.0,2021-12-16,11.649,11.441,11.649,11.441,0
3,3.0,3.0,2021-12-17,11.441,11.441,11.441,11.441,0
4,4.0,4.0,2021-12-20,11.323,11.22,11.323,11.22,0
5,5.0,5.0,2021-12-21,11.38,11.435,11.435,11.38,0
6,6.0,6.0,2021-12-22,11.567,11.567,11.567,11.567,0
7,7.0,7.0,2021-12-23,11.567,11.681,11.681,11.567,0
8,8.0,8.0,2021-12-24,11.641,11.654,11.654,11.641,0
9,9.0,9.0,2021-12-27,11.629,11.717,11.717,11.629,0
10,10.0,10.0,2021-12-28,11.736,11.656,11.736,11.656,0
11,11.0,11.0,2021-12-29,11.704,11.599,11.704,11.599,0
12,12.0,12.0,2021-12-30,11.654,11.703,11.703,11.654,0
13,13.0,13.0,2021-12-31,11.674,11.657,11.674,11.657,0
14,14.0,14.0,2022-01-03,11.611,11.578,11.611,11.532,7665
15,15.0,15.0,2022-01-04,11.654,11.403,11.654,11.402,1502
16,16.0,16.0,2022-01-05,11.358,11.321,11.358,11.321,6710
17,17.0,17.0,2022-01-06,11.099,11.176,11.176,11.099,0
18,18.0,18.0,2022-01-07,11.1234,11.052,11.19,11.052,1502
19,19.0,19.0,2022-01-10,11.067,10.885,11.067,10.885,1595
20,20.0,20.0,2022-01-11,11.116,11.116,11.116,11.116,0
21,21.0,21.0,2022-01-12,11.241,11.139,11.241,11.139,0
22,22.0,22.0,2022-01-13,11.051,11.004,11.051,11.004,0
23,23.0,23.0,2022-01-14,10.828,10.812,10.828,10.812,0
24,24.0,24.0,2022-01-17,10.898,10.94,10.94,10.898,0
25,25.0,25.0,2022-01-18,10.862,10.848,10.862,10.784,10000
26,26.0,26.0,2022-01-19,10.664,10.716,10.716,10.664,0
27,27.0,27.0,2022-01-20,10.741,10.948,10.948,10.741,0
28,28.0,28.0,2022-01-21,10.636,10.636,10.636,10.636,0
29,29.0,29.0,2022-01-24,10.493,10.059,10.493,10.059,0
30,30.0,30.0,2022-01-25,10.35,10.215,10.35,10.215,0
31,31.0,31.0,2022-01-26,10.283,10.4,10.4,10.283,0
32,32.0,32.0,2022-01-27,10.026,10.263,10.263,10.026,0
33,33.0,33.0,2022-01-28,10.12,10.077,10.12,10.077,0
34,34.0,34.0,2022-01-31,10.258,10.506,10.506,10.258,0
35,35.0,35.0,2022-02-01,10.617,10.688,10.688,10.617,0
36,36.0,36.0,2022-02-02,10.787,10.49,10.787,10.49,14000
37,37.0,37.0,2022-02-03,10.4503,10.244,10.4503,10.244,0
38,38.0,38.0,2022-02-04,10.381,10.231,10.381,10.231,0
39,39.0,39.0,2022-02-07,10.317,10.327,10.327,10.317,0
40,40.0,40.0,2022-02-08,10.326,10.44,10.44,10.326,0
41,41.0,41.0,2022-02-09,10.559,10.678,10.678,10.559,0
42,42.0,42.0,2022-02-10,10.7884,10.78,10.7884,10.78,0
43,43.0,43.0,2022-02-11,10.711,10.661,10.711,10.661,0
44,44.0,44.0,2022-02-14,10.5244,10.634,10.634,10.5244,0
45,45.0,45.0,2022-02-15,10.531,10.702,10.702,10.531,0
46,46.0,46.0,2022-02-16,10.721,10.604,10.721,10.604,0
47,47.0,47.0,2022-02-17,10.64,10.622,10.64,10.598,16356
48,48.0,48.0,2022-02-18,10.3637,10.151,10.3637,10.151,0
49,49.0,49.0,2022-02-21,10.231,10.043,10.231,10.043,0
50,50.0,50.0,2022-02-22,9.9906,10.095,10.095,9.9906,0
51,51.0,51.0,2022-02-23,9.902,9.902,9.902,9.902,0
52,52.0,52.0,2022-02-24,9.8535,9.8535,9.8535,9.8535,0
53,53.0,53.0,2022-02-25,10.066,10.115,10.115,10.066,0
54,54.0,54.0,2022-02-28,10.122,10.341,10.341,10.122,0
55,55.0,55.0,2022-03-01,10.416,10.368,10.416,10.368,0
56,56.0,56.0,2022-03-02,10.378,10.405,10.405,10.378,0
57,57.0,57.0,2022-03-03,10.5124,10.305,10.5124,10.305,10
58,58.0,58.0,2022-03-04,10.258,10.125,10.258,10.125,0
59,59.0,59.0,2022-03-07,9.999,10.049,10.049,9.999,0
60,60.0,60.0,2022-03-08,9.7815,9.7445,9.7815,9.7445,0
61,61.0,61.0,2022-03-09,9.825,9.915,9.915,9.825,0
62,62.0,62.0,2022-03-10,9.955,9.745,9.955,9.745,0
63,63.0,63.0,2022-03-11,9.8813,9.721,9.8813,9.721,0
64,64.0,64.0,2022-03-14,9.5515,9.2885,9.5515,9.2885,0
65,65.0,65.0,2022-03-15,9.1375,9.356,9.356,9.1375,0
66,66.0,66.0,2022-03-16,9.6555,9.771,9.771,9.6555,0
67,67.0,67.0,2022-03-17,9.9315,9.8885,9.9315,9.8885,0
68,68.0,68.0,2022-03-18,9.99,10.319,10.319,9.99,0
69,69.0,69.0,2022-03-21,10.2669,10.278,10.278,10.2669,0
70,70.0,70.0,2022-03-22,10.488,10.488,10.488,10.488,0
71,71.0,71.0,2022-03-23,10.54,10.543,10.554,10.54,14000
72,72.0,72.0,2022-03-24,10.5,10.444,10.5,10.444,0
73,73.0,73.0,2022-03-25,10.516,10.38,10.516,10.38,0
74,74.0,74.0,2022-03-28,10.4,10.41,10.41,10.4,0
75,75.0,75.0,2022-03-29,10.602,10.54,10.602,10.54,3
76,76.0,76.0,2022-03-30,10.628,10.53,10.628,10.53,0
77,77.0,77.0,2022-03-31,10.46,10.456,10.46,10.456,0
78,78.0,78.0,2022-04-01,10.415,10.516,10.516,10.415,0
79,79.0,79.0,2022-04-04,10.555,10.762,10.762,10.555,0
80,80.0,80.0,2022-04-05,10.814,10.67,10.814,10.67,0
81,81.0,81.0,2022-04-06,10.606,10.318,10.606,10.318,0
82,82.0,82.0,2022-04-07,10.347,10.263,10.347,10.263,0
83,83.0,83.0,2022-04-08,10.4178,10.293,10.4178,10.293,0
84,84.0,84.0,2022-04-11,10.155,10.233,10.233,10.155,0
85,85.0,85.0,2022-04-12,10.1965,10.383,10.383,10.1965,0
86,86.0,86.0,2022-04-13,10.2945,10.381,10.381,10.2945,0
87,87.0,87.0,2022-04-14,10.361,10.351,10.361,10.351,0
88,88.0,88.0,2022-04-19,10.158,10.325,10.325,10.158,14000
89,89.0,89.0,2022-04-20,10.228,10.249,10.249,10.228,0
90,90.0,90.0,2022-04-21,10.179,10.08,10.179,10.08,0
91,91.0,91.0,2022-04-22,9.926,9.972,9.975,9.926,17614
92,92.0,92.0,2022-04-25,9.763,9.8715,9.8715,9.763,0
93,93.0,93.0,2022-04-26,9.975,9.788,9.975,9.788,0
94,94.0,94.0,2022-04-27,9.798,9.794,9.871,9.794,9819
95,95.0,95.0,2022-04-28,9.8447,9.78,9.8447,9.758,9819
96,96.0,96.0,2022-04-29,10.0077,9.9115,10.0077,9.9115,4
97,97.0,97.0,2022-05-02,9.7675,9.7675,9.7675,9.7675,0
98,98.0,98.0,2022-05-03,9.8603,9.825,9.8603,9.825,0
99,99.0,99.0,2022-05-04,9.8055,9.5505,9.8055,9.5505,0
100,100.0,100.0,2022-05-05,9.636,9.526,9.636,9.526,4
101,101.0,101.0,2022-05-06,9.3425,9.3425,9.3425,9.3425,0
102,102.0,102.0,2022-05-09,9.2232,8.892,9.2232,8.892,0
103,103.0,103.0,2022-05-10,8.929,8.7205,8.929,8.7205,0
104,104.0,104.0,2022-05-11,8.8915,8.8385,8.8915,8.8385,0
105,105.0,105.0,2022-05-12,8.529,8.807,8.807,8.529,13788
106,106.0,106.0,2022-05-13,8.8035,9.021,9.021,8.8035,13417
107,107.0,107.0,2022-05-16,9.0005,8.9195,9.0005,8.9195,0
108,108.0,108.0,2022-05-17,8.987,8.897,8.987,8.897,2
109,109.0,109.0,2022-05-18,8.8535,8.702,8.8535,8.702,0
110,110.0,110.0,2022-05-19,8.6415,8.6415,8.6415,8.6415,0
111,111.0,111.0,2022-05-20,8.756,8.635,8.756,8.635,0
112,112.0,112.0,2022-05-23,8.751,8.662,8.751,8.662,0
113,113.0,113.0,2022-05-24,8.4555,8.3555,8.4555,8.3555,0
114,114.0,114.0,2022-05-25,8.491,8.499,8.499,8.491,0
115,115.0,115.0,2022-05-26,8.5215,8.665,8.665,8.488,14000
116,116.0,116.0,2022-05-27,8.6985,8.8825,8.8825,8.6985,0
117,117.0,117.0,2022-05-30,9.0475,8.989,9.0475,8.989,0
118,118.0,118.0,2022-05-31,8.948,8.8675,8.948,8.8675,0
119,119.0,119.0,2022-06-01,8.867,8.8665,8.867,8.8665,0
120,120.0,120.0,2022-06-02,8.874,9.0255,9.0255,8.874,0
121,121.0,121.0,2022-06-03,9.0737,8.929,9.0737,8.929,0
122,122.0,122.0,2022-06-06,8.9975,8.9975,8.9975,8.9975,0
123,123.0,123.0,2022-06-07,8.9095,9.003,9.003,8.9095,0
124,124.0,124.0,2022-06-08,9.0315,9.092,9.092,9.0315,0
125,125.0,125.0,2022-06-09,8.998,8.998,8.998,8.998,0
126,126.0,126.0,2022-06-10,8.9425,8.7385,8.9425,8.7385,0
127,127.0,127.0,2022-06-13,8.6148,8.4505,8.6148,8.4505,0
128,128.0,128.0,2022-06-14,8.5795,8.4695,8.5795,8.4695,0
129,129.0,129.0,2022-06-15,8.4105,8.535,8.535,8.4105,7837
130,130.0,130.0,2022-06-16,8.502,8.502,8.502,8.502,0
131,131.0,131.0,2022-06-17,8.2075,8.297,8.297,8.2075,14000
132,132.0,132.0,2022-06-20,8.3202,8.3405,8.3405,8.3202,14000
133,133.0,133.0,2022-06-21,8.449,8.4755,8.4755,8.425,19800
134,134.0,134.0,2022-06-22,8.471,8.471,8.471,8.471,0
135,135.0,135.0,2022-06-23,8.4305,8.6505,8.6505,8.4305,0
136,136.0,136.0,2022-06-24,8.7712,8.879,8.879,8.7712,0
137,137.0,137.0,2022-06-27,8.9755,8.88,8.9755,8.88,0
138,138.0,138.0,2022-06-28,8.9228,8.8275,8.9228,8.8275,0
139,139.0,139.0,2022-06-29,8.715,8.6835,8.715,8.6835,0
140,140.0,140.0,2022-06-30,8.6025,8.6025,8.6025,8.6025,0
141,141.0,141.0,2022-07-01,8.5115,8.655,8.655,8.5115,0
142,142.0,142.0,2022-07-04,8.6715,8.673,8.673,8.6715,0
143,143.0,143.0,2022-07-05,8.742,8.799,8.799,8.742,0
144,144.0,144.0,2022-07-06,8.9895,8.972,8.9895,8.972,0
145,145.0,145.0,2022-07-07,9.022,9.1775,9.1775,9.022,0
146,146.0,146.0,2022-07-08,9.1925,9.2495,9.2495,9.1925,0
147,147.0,147.0,2022-07-11,9.0875,9.015,9.0875,9.015,0
148,148.0,148.0,2022-07-12,8.8925,8.829,8.8925,8.829,0
149,149.0,149.0,2022-07-13,8.781,8.6595,8.781,8.6595,0
150,150.0,150.0,2022-07-14,8.668,8.5335,8.668,8.5335,0
151,151.0,151.0,2022-07-15,8.5358,8.6015,8.6015,8.5358,0
152,152.0,152.0,2022-07-18,8.728,8.7475,8.7475,8.728,0
153,153.0,153.0,2022-07-19,8.621,8.708,8.708,8.621,0
154,154.0,154.0,2022-07-20,9.049,9.049,9.049,9.049,0
155,155.0,155.0,2022-07-21,9.0265,9.098,9.098,9.0265,0
156,156.0,156.0,2022-07-22,9.1405,8.93,9.1405,8.93,0
157,157.0,157.0,2022-07-25,8.8745,8.799,8.8745,8.799,0
158,158.0,158.0,2022-07-26,8.7875,8.6745,8.7875,8.6745,0
159,159.0,159.0,2022-07-27,8.756,8.756,8.756,8.756,0
160,160.0,160.0,2022-07-28,8.944,8.944,8.944,8.944,0
161,161.0,161.0,2022-07-29,8.968,8.79,8.968,8.79,0
162,162.0,162.0,2022-08-01,8.8605,8.9,8.9,8.8605,0
163,163.0,163.0,2022-08-02,8.864,8.934,8.934,8.864,0
164,164.0,164.0,2022-08-03,9.0132,9.2495,9.2495,9.0132,0
165,165.0,165.0,2022-08-04,9.2765,9.1425,9.2765,9.1425,0
166,166.0,166.0,2022-08-05,9.2785,9.215,9.2785,9.215,0
167,167.0,167.0,2022-08-08,9.393,9.393,9.393,9.393,0
168,168.0,168.0,2022-08-09,9.3862,9.1276,9.3862,9.1276,0
169,169.0,169.0,2022-08-10,9.0789,9.3527,9.3527,9.0789,0
170,170.0,170.0,2022-08-11,9.4341,9.4178,9.4341,9.4178,0
171,171.0,171.0,2022-08-12,9.3043,9.4356,9.4356,9.3043,0
172,172.0,172.0,2022-08-15,9.4757,9.5423,9.5423,9.4757,0
173,173.0,173.0,2022-08-16,9.6184,9.5076,9.6184,9.4441,6877
174,174.0,174.0,2022-08-17,9.5532,9.3169,9.5532,9.3169,0
175,175.0,175.0,2022-08-18,9.3345,9.4825,9.4825,9.3345,0
176,176.0,176.0,2022-08-19,9.4532,9.2186,9.4532,9.2186,0
177,177.0,177.0,2022-08-22,9.1972,9.1972,9.1972,9.1972,0
178,178.0,178.0,2022-08-23,9.2144,9.208,9.2144,9.208,0
179,179.0,179.0,2022-08-24,9.1584,9.2808,9.2808,9.1584,0
180,180.0,180.0,2022-08-25,9.3019,9.3929,9.4048,9.3019,5190
181,181.0,181.0,2022-08-26,9.478,9.203,9.478,9.203,4677
182,182.0,182.0,2022-08-29,9.0842,8.9904,9.0842,8.9904,0
183,183.0,183.0,2022-08-30,9.054,8.9379,9.054,8.9379,0
184,184.0,184.0,2022-08-31,8.8535,8.8529,8.8535,8.8529,1569
185,185.0,185.0,2022-09-01,8.7947,8.5968,8.7947,8.5968,0
186,186.0,186.0,2022-09-02,8.7083,8.7634,8.7634,8.7083,0
187,187.0,187.0,2022-09-05,8.782,8.7061,8.782,8.7061,10
188,188.0,188.0,2022-09-06,8.7037,8.694,8.7037,8.694,0
189,189.0,189.0,2022-09-07,8.6514,8.607,8.6514,8.607,0
190,190.0,190.0,2022-09-08,8.7209,8.8096,8.8096,8.7209,0
191,191.0,191.0,2022-09-09,8.8358,8.9477,8.9477,8.8358,0
192,192.0,192.0,2022-09-12,8.8882,8.9984,8.9984,8.8882,0
193,193.0,193.0,2022-09-13,9.0949,8.7914,9.0949,8.7914,0
194,194.0,194.0,2022-09-14,8.799,8.7225,8.799,8.7225,0
195,195.0,195.0,2022-09-15,8.8147,8.6443,8.8147,8.6443,0
196,196.0,196.0,2022-09-16,8.4014,8.4014,8.4014,8.4014,0
197,197.0,197.0,2022-09-19,8.3581,8.3581,8.3581,8.3581,0
198,198.0,198.0,2022-09-20,8.4335,8.4335,8.4335,8.4335,0
199,199.0,199.0,2022-09-21,8.3975,8.4955,8.4955,8.3975,0
200,200.0,200.0,2022-09-22,8.2896,8.1946,8.2896,8.1946,0
201,201.0,201.0,2022-09-23,8.1512,8.1114,8.1512,8.1114,0
202,202.0,202.0,2022-09-26,8.1262,8.1952,8.1952,8.1262,0
203,203.0,203.0,2022-09-27,8.2206,8.2583,8.2583,8.2206,0
204,204.0,204.0,2022-09-28,8.178,8.2924,8.2924,8.1723,256
205,205.0,205.0,2022-09-29,8.2442,8.0671,8.2442,8.0671,0
206,206.0,206.0,2022-09-30,8.1304,8.2293,8.2293,8.1304,0
207,207.0,207.0,2022-10-03,8.0054,8.0855,8.0855,8.0054,0
208,208.0,208.0,2022-10-04,8.2284,8.3833,8.3833,8.2284,1140
209,209.0,209.0,2022-10-05,8.3321,8.3475,8.3475,8.3321,0
210,210.0,210.0,2022-10-06,8.4671,8.5343,8.5343,8.4671,0
211,211.0,211.0,2022-10-07,8.4976,8.2535,8.4976,8.2535,0
212,212.0,212.0,2022-10-10,8.1606,7.9904,8.1606,7.9904,0
213,213.0,213.0,2022-10-11,7.8573,7.8513,7.8573,7.8513,0
214,214.0,214.0,2022-10-12,7.8403,7.7643,7.8403,7.7643,0
215,215.0,215.0,2022-10-13,7.7873,7.7531,7.7873,7.7531,0
216,216.0,216.0,2022-10-14,7.885,7.8363,7.885,7.8363,0
217,217.0,217.0,2022-10-17,7.8179,8.0143,8.0143,7.8179,0
218,218.0,218.0,2022-10-18,8.1209,8.0783,8.1209,8.0783,0
219,219.0,219.0,2022-10-19,8.1486,8.0584,8.1486,8.0584,0
220,220.0,220.0,2022-10-20,7.9173,8.1373,8.1373,7.9173,0
221,221.0,221.0,2022-10-21,8.0271,8.0614,8.0614,8.0271,0
222,222.0,222.0,2022-10-24,8.177,8.0633,8.177,8.0633,0
223,223.0,223.0,2022-10-25,8.1364,8.2563,8.2563,8.1364,0
224,224.0,224.0,2022-10-26,8.3694,8.3694,8.3694,8.3694,0
225,225.0,225.0,2022-10-27,8.2315,8.3285,8.3285,8.2315,10
226,226.0,226.0,2022-10-28,8.2027,8.3385,8.3385,8.2027,0
227,227.0,227.0,2022-10-31,8.4415,8.4973,8.4973,8.4415,0
228,228.0,228.0,2022-11-01,8.5641,8.4961,8.5641,8.4961,0
229,229.0,229.0,2022-11-02,8.5707,8.3206,8.5707,8.3206,0
230,230.0,230.0,2022-11-03,8.218,8.2003,8.218,8.2003,0
231,231.0,231.0,2022-11-04,8.0954,7.8544,8.0954,7.8544,0
232,232.0,232.0,2022-11-07,7.8332,7.8323,7.8332,7.8323,0
233,233.0,233.0,2022-11-08,7.8572,7.9712,7.9712,7.8572,0
234,234.0,234.0,2022-11-09,7.8603,7.6822,7.8603,7.6822,0
235,235.0,235.0,2022-11-10,8.1171,8.1171,8.1171,8.1171,0
236,236.0,236.0,2022-11-11,8.2203,8.2203,8.2203,8.2203,0
237,237.0,237.0,2022-11-14,8.3033,8.2174,8.3033,8.2174,0
238,238.0,238.0,2022-11-15,8.2599,8.4744,8.4744,8.2599,0
239,239.0,239.0,2022-11-16,8.3772,8.1905,8.3772,8.1905,0
240,240.0,240.0,2022-11-17,8.2369,8.1032,8.2369,8.1032,0
241,241.0,241.0,2022-11-18,8.087,8.0982,8.0982,8.087,0
242,242.0,242.0,2022-11-21,8.0845,8.0573,8.0845,8.0573,0
243,243.0,243.0,2022-11-22,8.0072,8.0223,8.0223,8.0072,0
244,244.0,244.0,2022-11-23,8.0313,8.1202,8.1202,8.0313,0
245,245.0,245.0,2022-11-24,8.1275,8.1515,8.1515,8.1275,0
246,246.0,246.0,2022-11-25,8.1142,8.0683,8.1142,8.0683,0
247,247.0,247.0,2022-11-28,8.004,8.004,8.004,8.004,0
248,248.0,248.0,2022-11-29,8.0123,8.0123,8.0123,8.0123,0
249,249.0,249.0,2022-11-30,7.9232,7.9232,7.9232,7.9232,0
250,250.0,250.0,2022-12-02,8.236,8.236,8.236,8.236,0
251,251.0,251.0,2022-12-06,8.0304,8.0304,8.0304,8.0304,0
252,252.0,252.0,2022-12-07,7.9613,7.9613,7.9613,7.9613,0
253,253.0,253.0,2022-12-08,7.888,7.888,7.888,7.888,0
254,254.0,254.0,2022-12-13,8.1513,8.1513,8.1513,8.1513,0
255,255.0,255.0,2022-12-14,8.1904,8.1904,8.1904,8.1904,0
256,256.0,256.0,2022-12-15,8.1264,8.1264,8.1264,8.1264,2
257,257.0,257.0,2022-12-16,7.8324,7.8324,7.8324,7.8324,0
258,258.0,258.0,2022-12-19,7.8001,7.8001,7.8001,7.8001,0
259,259.0,259.0,2022-12-20,7.5561,7.5561,7.5561,7.5561,0
260,260.0,260.0,2022-12-21,7.6885,7.6885,7.6885,7.6885,0
261,261.0,261.0,2022-12-22,7.7291,7.7291,7.7291,7.7291,0
262,262.0,262.0,2022-12-23,7.597,7.597,7.597,7.597,0
263,263.0,263.0,2022-12-28,7.493,7.493,7.493,7.493,0
264,264.0,264.0,2022-12-29,7.458,7.458,7.458,7.458,0
265,265.0,265.0,2022-12-30,7.595,7.595,7.595,7.595,0
266,266.0,266.0,2023-01-03,7.7651,7.7651,7.7651,7.7651,0
267,267.0,267.0,2023-01-04,7.8026,7.8026,7.8026,7.8026,0
268,268.0,268.0,2023-01-05,7.8242,7.8242,7.8242,7.8242,0
269,269.0,269.0,2023-01-06,7.6844,7.6844,7.6844,7.6844,0
270,270.0,270.0,2023-01-09,7.7011,7.7011,7.7011,7.7011,0
271,271.0,271.0,2023-01-10,7.7612,7.7612,7.7612,7.7612,0
272,272.0,272.0,2023-01-12,7.8493,7.8493,7.8493,7.8493,0
273,273.0,273.0,2023-01-13,7.8172,7.8172,7.8172,7.8172,0
274,274.0,274.0,2023-01-16,7.8832,7.8832,7.8832,7.8832,0
275,275.0,275.0,2023-01-17,7.8343,7.8343,7.8343,7.8343,0
276,276.0,276.0,2023-01-18,7.9722,7.9722,7.9722,7.9722,0
277,277.0,277.0,2023-01-19,7.8404,7.8404,7.8404,7.8404,0
278,278.0,278.0,2023-01-20,7.8162,7.8162,7.8162,7.8162,0
279,279.0,279.0,2023-01-23,7.9399,7.9399,7.9399,7.9399,0
280,280.0,280.0,2023-01-24,8.1399,8.1399,8.1399,8.1399,0
281,281.0,281.0,2023-01-25,8.067,8.067,8.067,8.067,0
282,282.0,282.0,2023-01-26,8.1061,8.1061,8.1061,8.1061,0
283,283.0,283.0,2023-01-27,8.1795,8.1795,8.1795,8.1795,0
284,284.0,284.0,2023-01-30,8.2619,8.2619,8.2619,8.2619,0
285,285.0,285.0,2023-01-31,8.1832,8.1832,8.1832,8.1832,0
286,286.0,286.0,2023-02-01,8.2571,8.2571,8.2571,8.2571,0
287,287.0,287.0,2023-02-02,8.5253,8.5253,8.5253,8.5253,0
288,288.0,288.0,2023-02-03,8.764,8.764,8.764,8.764,0
289,289.0,289.0,2023-02-06,8.726,8.726,8.726,8.726,0
290,290.0,290.0,2023-02-07,8.6334,8.6334,8.6334,8.6334,0
291,291.0,291.0,2023-02-08,8.7577,8.7577,8.7577,8.7577,0
292,292.0,292.0,2023-02-09,8.8004,8.8004,8.8004,8.8004,0
293,293.0,293.0,2023-02-10,8.6595,8.6595,8.6595,8.6595,0
294,294.0,294.0,2023-02-14,8.6999,8.6999,8.6999,8.6999,0
295,295.0,295.0,2023-02-15,8.7782,8.7782,8.7782,8.7782,0
296,296.0,296.0,2023-02-16,9.0207,9.0207,9.0207,9.0207,0
297,297.0,297.0,2023-02-20,8.7046,8.7046,8.7046,8.7046,0
298,298.0,298.0,2023-02-21,8.7047,8.7047,8.7047,8.7047,0
299,299.0,299.0,2023-02-23,8.6396,8.6396,8.6396,8.6396,0
300,300.0,300.0,2023-02-24,8.5936,8.5936,8.5936,8.5936,0
301,301.0,301.0,2023-02-27,8.4845,8.4845,8.4845,8.4845,0
302,302.0,302.0,2023-02-28,8.413,8.413,8.413,8.413,0
303,303.0,303.0,2023-03-01,8.4676,8.4676,8.4676,8.4676,0
304,304.0,304.0,2023-03-03,8.4985,8.4985,8.4985,8.4985,0
305,305.0,305.0,2023-03-06,8.6776,8.6776,8.6776,8.6776,0
306,306.0,306.0,2023-03-07,8.5893,8.5893,8.5893,8.5893,0
307,307.0,307.0,2023-03-08,8.604,8.604,8.604,8.604,0
308,308.0,308.0,2023-03-09,8.6217,8.6217,8.6217,8.6217,0
309,309.0,309.0,2023-03-10,8.3403,8.3877,8.3877,8.3403,2
310,310.0,310.0,2023-03-13,8.1964,8.1964,8.1964,8.1964,0
311,311.0,311.0,2023-03-14,8.0637,8.0637,8.0637,8.0637,0
312,312.0,312.0,2023-03-15,8.1661,8.1661,8.1661,8.1661,0
313,313.0,313.0,2023-03-16,8.3038,8.3038,8.3038,8.3038,0
314,314.0,314.0,2023-03-17,8.4862,8.3716,8.4862,8.3716,7566
315,315.0,315.0,2023-03-20,8.3249,8.3249,8.3249,8.3249,0
316,316.0,316.0,2023-03-21,8.3401,8.3401,8.3401,8.3401,0
317,317.0,317.0,2023-03-22,8.4425,8.373,8.4425,8.373,2
318,318.0,318.0,2023-03-23,8.254,8.254,8.254,8.254,0
319,319.0,319.0,2023-03-24,8.3881,8.3881,8.3881,8.3881,0
320,320.0,320.0,2023-03-27,8.3931,8.3931,8.3931,8.3931,0
321,321.0,321.0,2023-03-28,8.4021,8.3784,8.4021,8.3784,2
322,322.0,322.0,2023-03-29,8.4041,8.4041,8.4041,8.4041,0
323,323.0,323.0,2023-03-30,8.5101,8.5101,8.5101,8.5101,0
324,324.0,324.0,2023-03-31,8.5552,8.5552,8.5552,8.5552,0
325,325.0,325.0,2023-04-03,8.8137,8.7553,8.8137,8.7553,1320
326,326.0,326.0,2023-04-04,8.7329,8.7329,8.7329,8.7329,0
327,327.0,327.0,2023-04-05,8.6931,8.6931,8.6931,8.6931,0
328,328.0,328.0,2023-04-06,8.5125,8.5125,8.5125,8.5125,0
329,329.0,329.0,2023-04-11,8.5762,8.5762,8.5762,8.5762,0
330,330.0,330.0,2023-04-12,8.5236,8.5236,8.5236,8.5236,0
331,331.0,331.0,2023-04-13,8.5001,8.5001,8.5001,8.5001,0
332,332.0,332.0,2023-04-14,8.4906,8.4906,8.4906,8.4906,0
333,333.0,333.0,2023-04-17,8.522,8.522,8.522,8.522,0
334,334.0,334.0,2023-04-18,8.6086,8.6086,8.6086,8.6086,0
335,335.0,335.0,2023-04-19,8.5655,8.5655,8.5655,8.5655,0
336,336.0,336.0,2023-04-20,8.4245,8.4245,8.4245,8.4245,0
337,337.0,337.0,2023-04-21,8.3274,8.3274,8.3274,8.3274,0
338,338.0,338.0,2023-04-24,8.269,8.269,8.269,8.269,0
339,339.0,339.0,2023-04-25,8.0839,8.0839,8.0839,8.0839,0
340,340.0,340.0,2023-04-27,7.9716,7.9716,7.9716,7.9716,0
341,341.0,341.0,2023-04-28,7.9852,7.9917,7.9917,7.9738,18813
342,342.0,342.0,2023-05-02,7.9943,7.9943,7.9943,7.9943,0
343,343.0,343.0,2023-05-03,7.7864,7.7864,7.7864,7.7864,0
344,344.0,344.0,2023-05-04,7.7262,7.7262,7.7262,7.7262,0
345,345.0,345.0,2023-05-05,7.8009,7.8009,7.8009,7.8009,0
346,346.0,346.0,2023-05-08,7.8932,7.8932,7.8932,7.8932,0
347,347.0,347.0,2023-05-09,8.0252,8.0509,8.0509,8.0252,10
348,348.0,348.0,2023-05-10,8.0422,8.0422,8.0422,8.0422,0
349,349.0,349.0,2023-05-11,8.202,8.202,8.202,8.202,0
350,350.0,350.0,2023-05-12,8.162,8.162,8.162,8.162,0
351,351.0,351.0,2023-05-15,8.1733,8.1733,8.1733,8.1733,0
352,352.0,352.0,2023-05-16,8.2473,8.2473,8.2473,8.2473,0
353,353.0,353.0,2023-05-17,8.2656,8.2656,8.2656,8.2656,0
354,354.0,354.0,2023-05-18,8.4147,8.4147,8.4147,8.4147,0
355,355.0,355.0,2023-05-19,8.6155,8.6155,8.6155,8.6155,0
356,356.0,356.0,2023-05-22,8.5727,8.5727,8.5727,8.5727,0
357,357.0,357.0,2023-05-23,8.7021,8.7021,8.7021,8.7021,0
358,358.0,358.0,2023-05-24,8.6173,8.6173,8.6173,8.6173,0
359,359.0,359.0,2023-05-25,8.6958,8.6958,8.6958,8.6958,0
360,360.0,360.0,2023-05-26,8.7265,8.7265,8.7265,8.7265,0
361,361.0,361.0,2023-05-29,8.9996,8.9996,8.9996,8.9996,0
362,362.0,362.0,2023-05-30,9.0287,9.0287,9.0287,9.0287,0
363,363.0,363.0,2023-05-31,9.1037,9.1037,9.1037,9.1037,0
364,364.0,364.0,2023-06-01,9.2718,9.1929,9.2718,9.1929,4
365,365.0,365.0,2023-06-02,9.1807,9.1807,9.1807,9.1807,0
366,366.0,366.0,2023-06-05,9.3012,9.3012,9.3012,9.3012,0
367,367.0,367.0,2023-06-06,9.313,9.313,9.313,9.313,0
368,368.0,368.0,2023-06-07,9.368,9.368,9.368,9.368,0
369,369.0,369.0,2023-06-09,9.1529,9.1529,9.1529,9.1529,0
370,370.0,370.0,2023-06-12,9.2731,9.2731,9.2731,9.2731,0
371,371.0,371.0,2023-06-13,9.4731,9.4731,9.4731,9.4731,0
372,372.0,372.0,2023-06-14,9.5794,9.5794,9.5794,9.5794,0
373,373.0,373.0,2023-06-15,9.5858,9.5858,9.5858,9.5858,0
374,374.0,374.0,2023-06-16,9.6294,9.6294,9.6294,9.6294,0
375,375.0,375.0,2023-06-19,9.553,9.553,9.553,9.553,0
376,376.0,376.0,2023-06-20,9.5205,9.5205,9.5205,9.5205,0
377,377.0,377.0,2023-06-21,9.3835,9.3835,9.3835,9.3835,0
378,378.0,378.0,2023-06-22,9.1053,9.1053,9.1053,9.1053,0
379,379.0,379.0,2023-06-23,9.1716,9.1716,9.1716,9.1716,0
380,380.0,380.0,2023-06-26,9.1036,9.1036,9.1036,9.1036,0
381,381.0,381.0,2023-06-27,9.0394,9.0394,9.0394,9.0394,0
382,382.0,382.0,2023-06-28,9.1055,9.1055,9.1055,9.1055,0
383,383.0,383.0,2023-06-29,9.2205,9.2205,9.2205,9.2205,0
384,384.0,384.0,2023-06-30,9.2746,9.2746,9.2746,9.2746,0
385,385.0,385.0,2023-07-03,9.4095,9.4095,9.4095,9.4095,0
386,386.0,386.0,2023-07-04,9.3465,9.3465,9.3465,9.3465,0
387,387.0,387.0,2023-07-05,9.3445,9.3445,9.3445,9.3445,0
388,388.0,388.0,2023-07-06,9.288,9.234,9.288,9.234,15000
389,389.0,389.0,2023-07-07,9.158,9.158,9.158,9.158,0
390,390.0,390.0,2023-07-10,9.1305,9.1305,9.1305,9.1305,0
391,391.0,391.0,2023-07-11,9.3045,9.3045,9.3045,9.3045,0
392,392.0,392.0,2023-07-12,9.3825,9.359,9.3825,9.359,4
393,393.0,393.0,2023-07-13,9.3535,9.3535,9.3535,9.3535,0
394,394.0,394.0,2023-07-14,9.4925,9.4925,9.4925,9.4925,0
395,395.0,395.0,2023-07-17,9.315,9.315,9.315,9.315,0
396,396.0,396.0,2023-07-18,9.3705,9.3705,9.3705,9.3705,0
397,397.0,397.0,2023-07-19,9.5045,9.5045,9.5045,9.5045,0
398,398.0,398.0,2023-07-20,9.4839,9.4839,9.4839,9.4839,0
399,399.0,399.0,2023-07-21,9.3575,9.3575,9.3575,9.3575,0
400,400.0,400.0,2023-07-24,9.3575,9.3575,9.3575,9.3575,0
401,401.0,401.0,2023-07-25,9.463,9.463,9.463,9.463,0
402,402.0,402.0,2023-07-26,9.5015,9.5015,9.5015,9.5015,0
403,403.0,403.0,2023-07-27,9.5025,9.5025,9.5025,9.5025,0
404,404.0,404.0,2023-07-28,9.5415,9.5415,9.5415,9.5415,0
405,405.0,405.0,2023-07-31,9.6195,9.6195,9.6195,9.6195,0
406,406.0,406.0,2023-08-01,9.7825,9.7819,9.7825,9.7819,4
407,407.0,407.0,2023-08-02,9.6825,9.6825,9.6825,9.6825,0
408,408.0,408.0,2023-08-03,9.4545,9.4545,9.4545,9.4545,0
409,409.0,409.0,2023-08-04,9.5605,9.5605,9.5605,9.5605,0
410,410.0,410.0,2023-08-07,9.511,9.511,9.511,9.511,0
411,411.0,411.0,2023-08-08,9.4187,9.4187,9.4187,9.4187,0
412,412.0,412.0,2023-08-09,9.3525,9.3525,9.3525,9.3525,0
413,413.0,413.0,2023-08-10,9.224,9.224,9.224,9.224,0
414,414.0,414.0,2023-08-11,9.232,9.232,9.232,9.232,0
415,415.0,415.0,2023-08-14,9.2835,9.2835,9.2835,9.2835,0
416,416.0,416.0,2023-08-15,9.3425,9.3425,9.3425,9.3425,0
417,417.0,417.0,2023-08-16,9.251,9.251,9.251,9.251,0
418,418.0,418.0,2023-08-17,9.211,9.211,9.211,9.211,0
419,419.0,419.0,2023-08-18,9.087,9.087,9.087,9.087,0
420,420.0,420.0,2023-08-21,9.0835,9.0835,9.0835,9.0835,0
421,421.0,421.0,2023-08-22,9.1595,9.1595,9.1595,9.1595,0
422,422.0,422.0,2023-08-23,9.218,9.218,9.218,9.218,0
423,423.0,423.0,2023-08-24,9.4438,9.4438,9.4438,9.4438,0
424,424.0,424.0,2023-08-25,9.1555,9.1555,9.1555,9.1555,0
425,425.0,425.0,2023-08-28,9.275,9.275,9.275,9.275,0
426,426.0,426.0,2023-08-29,9.381,9.381,9.381,9.381,0
427,427.0,427.0,2023-08-30,9.464,9.464,9.464,9.464,0
428,428.0,428.0,2023-08-31,9.507,9.507,9.507,9.507,0
429,429.0,429.0,2023-09-01,9.7039,9.7039,9.7039,9.7039,0
430,430.0,430.0,2023-09-04,9.8305,9.8305,9.8305,9.8305,0
431,431.0,431.0,2023-09-05,9.7839,9.7839,9.7839,9.7839,0
432,432.0,432.0,2023-09-06,9.834,9.834,9.834,9.834,0
433,433.0,433.0,2023-09-07,9.7855,9.771,9.7855,9.771,2
434,434.0,434.0,2023-09-08,9.745,9.745,9.745,9.745,0
435,435.0,435.0,2023-09-11,9.755,9.755,9.755,9.755,0
436,436.0,436.0,2023-09-12,9.778,9.778,9.778,9.778,0
437,437.0,437.0,2023-09-13,9.6255,9.6255,9.6255,9.6255,0
438,438.0,438.0,2023-09-14,9.6,9.6,9.6,9.6,0
439,439.0,439.0,2023-09-15,9.673,9.673,9.673,9.673,0
440,440.0,440.0,2023-09-18,9.555,9.555,9.555,9.555,0
441,441.0,441.0,2023-09-19,9.4794,9.4794,9.4794,9.4794,0
442,442.0,442.0,2023-09-20,9.486,9.486,9.486,9.486,0
443,443.0,443.0,2023-09-21,9.425,9.425,9.425,9.425,0
444,444.0,444.0,2023-09-22,9.327,9.327,9.327,9.327,0
445,445.0,445.0,2023-09-25,9.39,9.39,9.39,9.39,0
446,446.0,446.0,2023-09-26,9.317,9.317,9.317,9.317,0
447,447.0,447.0,2023-09-27,9.25,9.25,9.25,9.25,0
448,448.0,448.0,2023-09-28,9.3653,9.3653,9.3653,9.3653,0
449,449.0,449.0,2023-09-29,9.44,9.44,9.44,9.44,0
450,450.0,450.0,2023-10-02,9.5165,9.5165,9.5165,9.5165,0
451,451.0,451.0,2023-10-03,9.4977,9.4977,9.4977,9.4977,0
452,452.0,452.0,2023-10-04,9.22,9.22,9.22,9.22,0
453,453.0,453.0,2023-10-05,9.274,9.274,9.274,9.274,0
454,454.0,454.0,2023-10-06,9.245,9.245,9.245,9.245,0
455,455.0,455.0,2023-10-09,9.398,9.398,9.398,9.398,0
456,456.0,456.0,2023-10-10,9.493,9.493,9.493,9.493,0
457,457.0,457.0,2023-10-11,9.53,9.53,9.53,9.53,0
458,458.0,458.0,2023-10-12,9.545,9.528,9.584,9.528,15365
459,459.0,459.0,2023-10-13,9.452,9.452,9.452,9.452,0
460,460.0,460.0,2023-10-16,9.3272,9.3272,9.3272,9.3272,0
461,461.0,461.0,2023-10-17,9.4312,9.4312,9.4312,9.4312,0
462,462.0,462.0,2023-10-18,9.4325,9.4325,9.4325,9.4325,0
463,463.0,463.0,2023-10-19,9.3299,9.3299,9.3299,9.3299,0
464,464.0,464.0,2023-10-20,9.1422,9.1422,9.1422,9.1422,0
465,465.0,465.0,2023-10-23,9.0005,9.0005,9.0005,9.0005,0
466,466.0,466.0,2023-10-24,8.92,8.92,8.92,8.92,0
467,467.0,467.0,2023-10-25,9.0275,9.0275,9.0275,9.0275,0
468,468.0,468.0,2023-10-26,8.7542,8.7542,8.7542,8.7542,0
469,469.0,469.0,2023-10-27,8.8752,8.8752,8.8752,8.8752,0
470,470.0,470.0,2023-10-30,8.8995,8.8995,8.8995,8.8995,0
471,471.0,471.0,2023-10-31,8.8105,8.8105,8.8105,8.8105,0
472,472.0,472.0,2023-11-01,8.9665,8.9665,8.9665,8.9665,0
473,473.0,473.0,2023-11-02,8.9655,8.9655,8.9655,8.9655,0
474,474.0,474.0,2023-11-03,9.0432,9.0432,9.0432,9.0432,0
475,475.0,475.0,2023-11-06,9.2374,9.2374,9.2374,9.2374,0
476,476.0,476.0,2023-11-07,9.1944,9.1944,9.1944,9.1944,0
477,477.0,477.0,2023-11-09,9.3815,9.424,9.424,9.3815,950
478,478.0,478.0,2023-11-10,9.29,9.29,9.29,9.29,0
479,479.0,479.0,2023-11-13,9.4331,9.4331,9.4331,9.4331,0
480,480.0,480.0,2023-11-14,9.451,9.451,9.451,9.451,0
481,481.0,481.0,2023-11-15,9.6002,9.6002,9.6002,9.6002,0
482,482.0,482.0,2023-11-16,9.6045,9.6045,9.6045,9.6045,0
483,483.0,483.0,2023-11-17,9.5349,9.5349,9.5349,9.5349,0
484,484.0,484.0,2023-11-20,9.549,9.549,9.549,9.549,0
485,485.0,485.0,2023-11-21,9.6135,9.6135,9.6135,9.6135,0
486,486.0,486.0,2023-11-22,9.56,9.56,9.56,9.56,0
487,487.0,487.0,2023-11-23,9.6481,9.6481,9.6481,9.6481,0
488,488.0,488.0,2023-11-24,9.6,9.6,9.6,9.6,0
489,489.0,489.0,2023-11-27,9.5895,9.5895,9.5895,9.5895,0
490,490.0,490.0,2023-11-28,9.5615,9.5615,9.5615,9.5615,0
491,491.0,491.0,2023-11-29,9.614,9.614,9.614,9.614,0
492,492.0,492.0,2023-11-30,9.7855,9.7855,9.7855,9.7855,0
493,493.0,493.0,2023-12-01,9.7865,9.7865,9.7865,9.7865,0
494,494.0,494.0,2023-12-04,9.977,9.977,9.977,9.977,0
495,495.0,495.0,2023-12-05,10.0185,10.0185,10.0185,10.0185,0
496,496.0,496.0,2023-12-07,10.0697,10.098,10.098,10.0697,4
497,497.0,497.0,2023-12-08,10.052,10.052,10.052,10.052,0
498,498.0,498.0,2023-12-11,10.193,10.193,10.193,10.193,0
499,499.0,499.0,2023-12-12,10.2547,10.2547,10.2547,10.2547,0
500,500.0,500.0,2023-12-13,10.264,10.264,10.264,10.264,0
501,501.0,501.0,2023-12-14,10.339,10.339,10.339,10.339,0
502,502.0,502.0,2023-12-15,10.33,10.33,10.33,10.33,0
503,503.0,503.0,2023-12-18,10.391,10.391,10.391,10.391,0
504,504.0,504.0,2023-12-19,10.417,10.417,10.417,10.417,0
505,505.0,505.0,2023-12-20,10.441,10.441,10.441,10.441,0
506,506.0,506.0,2023-12-21,10.356,10.378,10.378,10.356,578
507,507.0,507.0,2023-12-22,10.381,10.381,10.381,10.381,0
508,508.0,508.0,2023-12-28,10.445,10.445,10.445,10.445,0
509,509.0,509.0,2023-12-29,10.536,10.5,10.536,10.5,106
510,510.0,510.0,2024-01-02,10.4491,10.4491,10.4491,10.4491,0
511,511.0,511.0,2024-01-03,10.219,10.18,10.219,10.18,150
512,512.0,512.0,2024-01-04,10.046,10.046,10.046,10.046,0
513,513.0,513.0,2024-01-05,10.0084,9.984,10.0084,9.984,150
514,514.0,514.0,2024-01-08,9.9725,9.9725,9.9725,9.9725,0
515,515.0,515.0,2024-01-09,10.19,10.19,10.19,10.19,0
516,516.0,516.0,2024-01-10,10.234,10.2319,10.234,10.2319,60
517,517.0,517.0,2024-01-11,10.337,10.337,10.337,10.337,0
518,518.0,518.0,2024-01-12,10.34,10.34,10.34,10.34,0
519,519.0,519.0,2024-01-15,10.3971,10.3971,10.3971,10.3971,0
520,520.0,520.0,2024-01-16,10.321,10.321,10.321,10.321,0
521,521.0,521.0,2024-01-17,10.293,10.293,10.293,10.293,0
522,522.0,522.0,2024-01-18,10.272,10.272,10.272,10.272,0
523,523.0,523.0,2024-01-19,10.399,10.399,10.399,10.399,0
524,524.0,524.0,2024-01-22,10.4911,10.4911,10.4911,10.4911,0
525,525.0,525.0,2024-01-23,10.6217,10.6217,10.6217,10.6217,0
526,526.0,526.0,2024-01-24,10.761,10.761,10.761,10.761,0
527,527.0,527.0,2024-01-25,10.688,10.688,10.688,10.688,0
528,528.0,528.0,2024-01-26,10.694,10.714,10.714,10.694,250
529,529.0,529.0,2024-01-29,10.703,10.703,10.703,10.703,0
530,530.0,530.0,2024-01-30,10.863,10.863,10.863,10.863,0
531,531.0,531.0,2024-01-31,10.708,10.708,10.708,10.708,0
532,532.0,532.0,2024-02-01,10.6154,10.6154,10.6154,10.6154,0
533,533.0,533.0,2024-02-02,10.6577,10.606,10.6577,10.606,150
534,534.0,534.0,2024-02-05,10.6836,10.6836,10.6836,10.6836,0
535,535.0,535.0,2024-02-06,10.672,10.672,10.672,10.672,0
536,536.0,536.0,2024-02-07,10.6867,10.69,10.69,10.6867,100
537,537.0,537.0,2024-02-08,10.735,10.735,10.735,10.735,0
538,538.0,538.0,2024-02-09,10.905,10.914,10.914,10.905,96
539,539.0,539.0,2024-02-12,11.038,11.0837,11.0837,11.038,150
540,540.0,540.0,2024-02-13,11.044,10.732,11.044,10.732,1690
541,541.0,541.0,2024-02-14,10.769,10.769,10.769,10.769,0
542,542.0,542.0,2024-02-15,10.938,10.938,10.938,10.938,0
543,543.0,543.0,2024-02-16,10.939,10.939,10.939,10.939,0
544,544.0,544.0,2024-02-19,10.784,10.784,10.784,10.784,150
545,545.0,545.0,2024-02-20,10.757,10.714,10.757,10.714,150
546,546.0,546.0,2024-02-21,10.513,10.513,10.513,10.513,0
547,547.0,547.0,2024-02-22,10.447,10.447,10.447,10.447,0
548,548.0,548.0,2024-02-23,10.562,10.6056,10.6056,10.562,4
549,549.0,549.0,2024-02-26,10.611,10.611,10.611,10.611,0
550,550.0,550.0,2024-02-27,10.699,10.699,10.699,10.699,0
551,551.0,551.0,2024-02-28,10.706,10.706,10.706,10.706,0
552,552.0,552.0,2024-02-29,10.672,10.672,10.672,10.672,0
553,553.0,553.0,2024-03-01,10.9078,10.9078,10.9078,10.9078,0
554,554.0,554.0,2024-03-04,10.918,10.918,10.918,10.918,0
555,555.0,555.0,2024-03-05,10.7937,10.5323,10.7937,10.5323,152
556,556.0,556.0,2024-03-06,10.653,10.653,10.653,10.653,0
557,557.0,557.0,2024-03-07,10.6286,10.6644,10.6644,10.6286,150
558,558.0,558.0,2024-03-08,10.7129,10.7129,10.7129,10.7129,0
559,559.0,559.0,2024-03-11,10.6909,10.764,10.764,10.6909,20
560,560.0,560.0,2024-03-12,10.8237,10.8237,10.8237,10.8237,0
561,561.0,561.0,2024-03-13,10.8523,10.8523,10.8523,10.8523,0
562,562.0,562.0,2024-03-14,10.803,10.694,10.819,10.694,155
563,563.0,563.0,2024-03-15,10.6773,10.6773,10.6773,10.6773,0
564,564.0,564.0,2024-03-18,10.5777,10.5777,10.5777,10.5777,0
565,565.0,565.0,2024-03-19,10.6394,10.6394,10.6394,10.6394,0
566,566.0,566.0,2024-03-20,10.6921,10.6921,10.6921,10.6921,0
567,567.0,567.0,2024-03-21,10.867,10.867,10.867,10.867,0
568,568.0,568.0,2024-03-22,10.896,10.896,10.896,10.896,0
569,569.0,569.0,2024-03-25,10.7481,10.724,10.7481,10.724,120
570,570.0,570.0,2024-03-26,10.773,10.773,10.773,10.773,0
571,571.0,571.0,2024-03-27,10.711,10.711,10.711,10.711,0
572,0.0,,2021-12-14 00:00:00,11.531,11.322,11.531,11.322,0
573,1.0,,2021-12-15 00:00:00,11.367,11.295,11.367,11.295,0
574,2.0,,2021-12-16 00:00:00,11.649,11.441,11.649,11.441,0
575,3.0,,2021-12-17 00:00:00,11.441,11.441,11.441,11.441,0
576,4.0,,2021-12-20 00:00:00,11.323,11.22,11.323,11.22,0
577,5.0,,2021-12-21 00:00:00,11.38,11.435,11.435,11.38,0
578,6.0,,2021-12-22 00:00:00,11.567,11.567,11.567,11.567,0
579,7.0,,2021-12-23 00:00:00,11.567,11.681,11.681,11.567,0
580,8.0,,2021-12-24 00:00:00,11.641,11.654,11.654,11.641,0
581,9.0,,2021-12-27 00:00:00,11.629,11.717,11.717,11.629,0
582,10.0,,2021-12-28 00:00:00,11.736,11.656,11.736,11.656,0
583,11.0,,2021-12-29 00:00:00,11.704,11.599,11.704,11.599,0
584,12.0,,2021-12-30 00:00:00,11.654,11.703,11.703,11.654,0
585,13.0,,2021-12-31 00:00:00,11.674,11.657,11.674,11.657,0
586,14.0,,2022-01-03 00:00:00,11.611,11.578,11.611,11.532,7665
587,15.0,,2022-01-04 00:00:00,11.654,11.403,11.654,11.402,1502
588,16.0,,2022-01-05 00:00:00,11.358,11.321,11.358,11.321,6710
589,17.0,,2022-01-06 00:00:00,11.099,11.176,11.176,11.099,0
590,18.0,,2022-01-07 00:00:00,11.1234,11.052,11.19,11.052,1502
591,19.0,,2022-01-10 00:00:00,11.067,10.885,11.067,10.885,1595
592,20.0,,2022-01-11 00:00:00,11.116,11.116,11.116,11.116,0
593,21.0,,2022-01-12 00:00:00,11.241,11.139,11.241,11.139,0
594,22.0,,2022-01-13 00:00:00,11.051,11.004,11.051,11.004,0
595,23.0,,2022-01-14 00:00:00,10.828,10.812,10.828,10.812,0
596,24.0,,2022-01-17 00:00:00,10.898,10.94,10.94,10.898,0
597,25.0,,2022-01-18 00:00:00,10.862,10.848,10.862,10.784,10000
598,26.0,,2022-01-19 00:00:00,10.664,10.716,10.716,10.664,0
599,27.0,,2022-01-20 00:00:00,10.741,10.948,10.948,10.741,0
600,28.0,,2022-01-21 00:00:00,10.636,10.636,10.636,10.636,0
601,29.0,,2022-01-24 00:00:00,10.493,10.059,10.493,10.059,0
602,30.0,,2022-01-25 00:00:00,10.35,10.215,10.35,10.215,0
603,31.0,,2022-01-26 00:00:00,10.283,10.4,10.4,10.283,0
604,32.0,,2022-01-27 00:00:00,10.026,10.263,10.263,10.026,0
605,33.0,,2022-01-28 00:00:00,10.12,10.077,10.12,10.077,0
606,34.0,,2022-01-31 00:00:00,10.258,10.506,10.506,10.258,0
607,35.0,,2022-02-01 00:00:00,10.617,10.688,10.688,10.617,0
608,36.0,,2022-02-02 00:00:00,10.787,10.49,10.787,10.49,14000
609,37.0,,2022-02-03 00:00:00,10.4503,10.244,10.4503,10.244,0
610,38.0,,2022-02-04 00:00:00,10.381,10.231,10.381,10.231,0
611,39.0,,2022-02-07 00:00:00,10.317,10.327,10.327,10.317,0
612,40.0,,2022-02-08 00:00:00,10.326,10.44,10.44,10.326,0
613,41.0,,2022-02-09 00:00:00,10.559,10.678,10.678,10.559,0
614,42.0,,2022-02-10 00:00:00,10.7884,10.78,10.7884,10.78,0
615,43.0,,2022-02-11 00:00:00,10.711,10.661,10.711,10.661,0
616,44.0,,2022-02-14 00:00:00,10.5244,10.634,10.634,10.5244,0
617,45.0,,2022-02-15 00:00:00,10.531,10.702,10.702,10.531,0
618,46.0,,2022-02-16 00:00:00,10.721,10.604,10.721,10.604,0
619,47.0,,2022-02-17 00:00:00,10.64,10.622,10.64,10.598,16356
620,48.0,,2022-02-18 00:00:00,10.3637,10.151,10.3637,10.151,0
621,49.0,,2022-02-21 00:00:00,10.231,10.043,10.231,10.043,0
622,50.0,,2022-02-22 00:00:00,9.9906,10.095,10.095,9.9906,0
623,51.0,,2022-02-23 00:00:00,9.902,9.902,9.902,9.902,0
624,52.0,,2022-02-24 00:00:00,9.8535,9.8535,9.8535,9.8535,0
625,53.0,,2022-02-25 00:00:00,10.066,10.115,10.115,10.066,0
626,54.0,,2022-02-28 00:00:00,10.122,10.341,10.341,10.122,0
627,55.0,,2022-03-01 00:00:00,10.416,10.368,10.416,10.368,0
628,56.0,,2022-03-02 00:00:00,10.378,10.405,10.405,10.378,0
629,57.0,,2022-03-03 00:00:00,10.5124,10.305,10.5124,10.305,10
630,58.0,,2022-03-04 00:00:00,10.258,10.125,10.258,10.125,0
631,59.0,,2022-03-07 00:00:00,9.999,10.049,10.049,9.999,0
632,60.0,,2022-03-08 00:00:00,9.7815,9.7445,9.7815,9.7445,0
633,61.0,,2022-03-09 00:00:00,9.825,9.915,9.915,9.825,0
634,62.0,,2022-03-10 00:00:00,9.955,9.745,9.955,9.745,0
635,63.0,,2022-03-11 00:00:00,9.8813,9.721,9.8813,9.721,0
636,64.0,,2022-03-14 00:00:00,9.5515,9.2885,9.5515,9.2885,0
637,65.0,,2022-03-15 00:00:00,9.1375,9.356,9.356,9.1375,0
638,66.0,,2022-03-16 00:00:00,9.6555,9.771,9.771,9.6555,0
639,67.0,,2022-03-17 00:00:00,9.9315,9.8885,9.9315,9.8885,0
640,68.0,,2022-03-18 00:00:00,9.99,10.319,10.319,9.99,0
641,69.0,,2022-03-21 00:00:00,10.2669,10.278,10.278,10.2669,0
642,70.0,,2022-03-22 00:00:00,10.488,10.488,10.488,10.488,0
643,71.0,,2022-03-23 00:00:00,10.54,10.543,10.554,10.54,14000
644,72.0,,2022-03-24 00:00:00,10.5,10.444,10.5,10.444,0
645,73.0,,2022-03-25 00:00:00,10.516,10.38,10.516,10.38,0
646,74.0,,2022-03-28 00:00:00,10.4,10.41,10.41,10.4,0
647,75.0,,2022-03-29 00:00:00,10.602,10.54,10.602,10.54,3
648,76.0,,2022-03-30 00:00:00,10.628,10.53,10.628,10.53,0
649,77.0,,2022-03-31 00:00:00,10.46,10.456,10.46,10.456,0
650,78.0,,2022-04-01 00:00:00,10.415,10.516,10.516,10.415,0
651,79.0,,2022-04-04 00:00:00,10.555,10.762,10.762,10.555,0
652,80.0,,2022-04-05 00:00:00,10.814,10.67,10.814,10.67,0
653,81.0,,2022-04-06 00:00:00,10.606,10.318,10.606,10.318,0
654,82.0,,2022-04-07 00:00:00,10.347,10.263,10.347,10.263,0
655,83.0,,2022-04-08 00:00:00,10.4178,10.293,10.4178,10.293,0
656,84.0,,2022-04-11 00:00:00,10.155,10.233,10.233,10.155,0
657,85.0,,2022-04-12 00:00:00,10.1965,10.383,10.383,10.1965,0
658,86.0,,2022-04-13 00:00:00,10.2945,10.381,10.381,10.2945,0
659,87.0,,2022-04-14 00:00:00,10.361,10.351,10.361,10.351,0
660,88.0,,2022-04-19 00:00:00,10.158,10.325,10.325,10.158,14000
661,89.0,,2022-04-20 00:00:00,10.228,10.249,10.249,10.228,0
662,90.0,,2022-04-21 00:00:00,10.179,10.08,10.179,10.08,0
663,91.0,,2022-04-22 00:00:00,9.926,9.972,9.975,9.926,17614
664,92.0,,2022-04-25 00:00:00,9.763,9.8715,9.8715,9.763,0
665,93.0,,2022-04-26 00:00:00,9.975,9.788,9.975,9.788,0
666,94.0,,2022-04-27 00:00:00,9.798,9.794,9.871,9.794,9819
667,95.0,,2022-04-28 00:00:00,9.8447,9.78,9.8447,9.758,9819
668,96.0,,2022-04-29 00:00:00,10.0077,9.9115,10.0077,9.9115,4
669,97.0,,2022-05-02 00:00:00,9.7675,9.7675,9.7675,9.7675,0
670,98.0,,2022-05-03 00:00:00,9.8603,9.825,9.8603,9.825,0
671,99.0,,2022-05-04 00:00:00,9.8055,9.5505,9.8055,9.5505,0
672,100.0,,2022-05-05 00:00:00,9.636,9.526,9.636,9.526,4
673,101.0,,2022-05-06 00:00:00,9.3425,9.3425,9.3425,9.3425,0
674,102.0,,2022-05-09 00:00:00,9.2232,8.892,9.2232,8.892,0
675,103.0,,2022-05-10 00:00:00,8.929,8.7205,8.929,8.7205,0
676,104.0,,2022-05-11 00:00:00,8.8915,8.8385,8.8915,8.8385,0
677,105.0,,2022-05-12 00:00:00,8.529,8.807,8.807,8.529,13788
678,106.0,,2022-05-13 00:00:00,8.8035,9.021,9.021,8.8035,13417
679,107.0,,2022-05-16 00:00:00,9.0005,8.9195,9.0005,8.9195,0
680,108.0,,2022-05-17 00:00:00,8.987,8.897,8.987,8.897,2
681,109.0,,2022-05-18 00:00:00,8.8535,8.702,8.8535,8.702,0
682,110.0,,2022-05-19 00:00:00,8.6415,8.6415,8.6415,8.6415,0
683,111.0,,2022-05-20 00:00:00,8.756,8.635,8.756,8.635,0
684,112.0,,2022-05-23 00:00:00,8.751,8.662,8.751,8.662,0
685,113.0,,2022-05-24 00:00:00,8.4555,8.3555,8.4555,8.3555,0
686,114.0,,2022-05-25 00:00:00,8.491,8.499,8.499,8.491,0
687,115.0,,2022-05-26 00:00:00,8.5215,8.665,8.665,8.488,14000
688,116.0,,2022-05-27 00:00:00,8.6985,8.8825,8.8825,8.6985,0
689,117.0,,2022-05-30 00:00:00,9.0475,8.989,9.0475,8.989,0
690,118.0,,2022-05-31 00:00:00,8.948,8.8675,8.948,8.8675,0
691,119.0,,2022-06-01 00:00:00,8.867,8.8665,8.867,8.8665,0
692,120.0,,2022-06-02 00:00:00,8.874,9.0255,9.0255,8.874,0
693,121.0,,2022-06-03 00:00:00,9.0737,8.929,9.0737,8.929,0
694,122.0,,2022-06-06 00:00:00,8.9975,8.9975,8.9975,8.9975,0
695,123.0,,2022-06-07 00:00:00,8.9095,9.003,9.003,8.9095,0
696,124.0,,2022-06-08 00:00:00,9.0315,9.092,9.092,9.0315,0
697,125.0,,2022-06-09 00:00:00,8.998,8.998,8.998,8.998,0
698,126.0,,2022-06-10 00:00:00,8.9425,8.7385,8.9425,8.7385,0
699,127.0,,2022-06-13 00:00:00,8.6148,8.4505,8.6148,8.4505,0
700,128.0,,2022-06-14 00:00:00,8.5795,8.4695,8.5795,8.4695,0
701,129.0,,2022-06-15 00:00:00,8.4105,8.535,8.535,8.4105,7837
702,130.0,,2022-06-16 00:00:00,8.502,8.502,8.502,8.502,0
703,131.0,,2022-06-17 00:00:00,8.2075,8.297,8.297,8.2075,14000
704,132.0,,2022-06-20 00:00:00,8.3202,8.3405,8.3405,8.3202,14000
705,133.0,,2022-06-21 00:00:00,8.449,8.4755,8.4755,8.425,19800
706,134.0,,2022-06-22 00:00:00,8.471,8.471,8.471,8.471,0
707,135.0,,2022-06-23 00:00:00,8.4305,8.6505,8.6505,8.4305,0
708,136.0,,2022-06-24 00:00:00,8.7712,8.879,8.879,8.7712,0
709,137.0,,2022-06-27 00:00:00,8.9755,8.88,8.9755,8.88,0
710,138.0,,2022-06-28 00:00:00,8.9228,8.8275,8.9228,8.8275,0
711,139.0,,2022-06-29 00:00:00,8.715,8.6835,8.715,8.6835,0
712,140.0,,2022-06-30 00:00:00,8.6025,8.6025,8.6025,8.6025,0
713,141.0,,2022-07-01 00:00:00,8.5115,8.655,8.655,8.5115,0
714,142.0,,2022-07-04 00:00:00,8.6715,8.673,8.673,8.6715,0
715,143.0,,2022-07-05 00:00:00,8.742,8.799,8.799,8.742,0
716,144.0,,2022-07-06 00:00:00,8.9895,8.972,8.9895,8.972,0
717,145.0,,2022-07-07 00:00:00,9.022,9.1775,9.1775,9.022,0
718,146.0,,2022-07-08 00:00:00,9.1925,9.2495,9.2495,9.1925,0
719,147.0,,2022-07-11 00:00:00,9.0875,9.015,9.0875,9.015,0
720,148.0,,2022-07-12 00:00:00,8.8925,8.829,8.8925,8.829,0
721,149.0,,2022-07-13 00:00:00,8.781,8.6595,8.781,8.6595,0
722,150.0,,2022-07-14 00:00:00,8.668,8.5335,8.668,8.5335,0
723,151.0,,2022-07-15 00:00:00,8.5358,8.6015,8.6015,8.5358,0
724,152.0,,2022-07-18 00:00:00,8.728,8.7475,8.7475,8.728,0
725,153.0,,2022-07-19 00:00:00,8.621,8.708,8.708,8.621,0
726,154.0,,2022-07-20 00:00:00,9.049,9.049,9.049,9.049,0
727,155.0,,2022-07-21 00:00:00,9.0265,9.098,9.098,9.0265,0
728,156.0,,2022-07-22 00:00:00,9.1405,8.93,9.1405,8.93,0
729,157.0,,2022-07-25 00:00:00,8.8745,8.799,8.8745,8.799,0
730,158.0,,2022-07-26 00:00:00,8.7875,8.6745,8.7875,8.6745,0
731,159.0,,2022-07-27 00:00:00,8.756,8.756,8.756,8.756,0
732,160.0,,2022-07-28 00:00:00,8.944,8.944,8.944,8.944,0
733,161.0,,2022-07-29 00:00:00,8.968,8.79,8.968,8.79,0
734,162.0,,2022-08-01 00:00:00,8.8605,8.9,8.9,8.8605,0
735,163.0,,2022-08-02 00:00:00,8.864,8.934,8.934,8.864,0
736,164.0,,2022-08-03 00:00:00,9.0132,9.2495,9.2495,9.0132,0
737,165.0,,2022-08-04 00:00:00,9.2765,9.1425,9.2765,9.1425,0
738,166.0,,2022-08-05 00:00:00,9.2785,9.215,9.2785,9.215,0
739,167.0,,2022-08-08 00:00:00,9.393,9.393,9.393,9.393,0
740,168.0,,2022-08-09 00:00:00,9.3862,9.1276,9.3862,9.1276,0
741,169.0,,2022-08-10 00:00:00,9.0789,9.3527,9.3527,9.0789,0
742,170.0,,2022-08-11 00:00:00,9.4341,9.4178,9.4341,9.4178,0
743,171.0,,2022-08-12 00:00:00,9.3043,9.4356,9.4356,9.3043,0
744,172.0,,2022-08-15 00:00:00,9.4757,9.5423,9.5423,9.4757,0
745,173.0,,2022-08-16 00:00:00,9.6184,9.5076,9.6184,9.4441,6877
746,174.0,,2022-08-17 00:00:00,9.5532,9.3169,9.5532,9.3169,0
747,175.0,,2022-08-18 00:00:00,9.3345,9.4825,9.4825,9.3345,0
748,176.0,,2022-08-19 00:00:00,9.4532,9.2186,9.4532,9.2186,0
749,177.0,,2022-08-22 00:00:00,9.1972,9.1972,9.1972,9.1972,0
750,178.0,,2022-08-23 00:00:00,9.2144,9.208,9.2144,9.208,0
751,179.0,,2022-08-24 00:00:00,9.1584,9.2808,9.2808,9.1584,0
752,180.0,,2022-08-25 00:00:00,9.3019,9.3929,9.4048,9.3019,5190
753,181.0,,2022-08-26 00:00:00,9.478,9.203,9.478,9.203,4677
754,182.0,,2022-08-29 00:00:00,9.0842,8.9904,9.0842,8.9904,0
755,183.0,,2022-08-30 00:00:00,9.054,8.9379,9.054,8.9379,0
756,184.0,,2022-08-31 00:00:00,8.8535,8.8529,8.8535,8.8529,1569
757,185.0,,2022-09-01 00:00:00,8.7947,8.5968,8.7947,8.5968,0
758,186.0,,2022-09-02 00:00:00,8.7083,8.7634,8.7634,8.7083,0
759,187.0,,2022-09-05 00:00:00,8.782,8.7061,8.782,8.7061,10
760,188.0,,2022-09-06 00:00:00,8.7037,8.694,8.7037,8.694,0
761,189.0,,2022-09-07 00:00:00,8.6514,8.607,8.6514,8.607,0
762,190.0,,2022-09-08 00:00:00,8.7209,8.8096,8.8096,8.7209,0
763,191.0,,2022-09-09 00:00:00,8.8358,8.9477,8.9477,8.8358,0
764,192.0,,2022-09-12 00:00:00,8.8882,8.9984,8.9984,8.8882,0
765,193.0,,2022-09-13 00:00:00,9.0949,8.7914,9.0949,8.7914,0
766,194.0,,2022-09-14 00:00:00,8.799,8.7225,8.799,8.7225,0
767,195.0,,2022-09-15 00:00:00,8.8147,8.6443,8.8147,8.6443,0
768,196.0,,2022-09-16 00:00:00,8.4014,8.4014,8.4014,8.4014,0
769,197.0,,2022-09-19 00:00:00,8.3581,8.3581,8.3581,8.3581,0
770,198.0,,2022-09-20 00:00:00,8.4335,8.4335,8.4335,8.4335,0
771,199.0,,2022-09-21 00:00:00,8.3975,8.4955,8.4955,8.3975,0
772,200.0,,2022-09-22 00:00:00,8.2896,8.1946,8.2896,8.1946,0
773,201.0,,2022-09-23 00:00:00,8.1512,8.1114,8.1512,8.1114,0
774,202.0,,2022-09-26 00:00:00,8.1262,8.1952,8.1952,8.1262,0
775,203.0,,2022-09-27 00:00:00,8.2206,8.2583,8.2583,8.2206,0
776,204.0,,2022-09-28 00:00:00,8.178,8.2924,8.2924,8.1723,256
777,205.0,,2022-09-29 00:00:00,8.2442,8.0671,8.2442,8.0671,0
778,206.0,,2022-09-30 00:00:00,8.1304,8.2293,8.2293,8.1304,0
779,207.0,,2022-10-03 00:00:00,8.0054,8.0855,8.0855,8.0054,0
780,208.0,,2022-10-04 00:00:00,8.2284,8.3833,8.3833,8.2284,1140
781,209.0,,2022-10-05 00:00:00,8.3321,8.3475,8.3475,8.3321,0
782,210.0,,2022-10-06 00:00:00,8.4671,8.5343,8.5343,8.4671,0
783,211.0,,2022-10-07 00:00:00,8.4976,8.2535,8.4976,8.2535,0
784,212.0,,2022-10-10 00:00:00,8.1606,7.9904,8.1606,7.9904,0
785,213.0,,2022-10-11 00:00:00,7.8573,7.8513,7.8573,7.8513,0
786,214.0,,2022-10-12 00:00:00,7.8403,7.7643,7.8403,7.7643,0
787,215.0,,2022-10-13 00:00:00,7.7873,7.7531,7.7873,7.7531,0
788,216.0,,2022-10-14 00:00:00,7.885,7.8363,7.885,7.8363,0
789,217.0,,2022-10-17 00:00:00,7.8179,8.0143,8.0143,7.8179,0
790,218.0,,2022-10-18 00:00:00,8.1209,8.0783,8.1209,8.0783,0
791,219.0,,2022-10-19 00:00:00,8.1486,8.0584,8.1486,8.0584,0
792,220.0,,2022-10-20 00:00:00,7.9173,8.1373,8.1373,7.9173,0
793,221.0,,2022-10-21 00:00:00,8.0271,8.0614,8.0614,8.0271,0
794,222.0,,2022-10-24 00:00:00,8.177,8.0633,8.177,8.0633,0
795,223.0,,2022-10-25 00:00:00,8.1364,8.2563,8.2563,8.1364,0
796,224.0,,2022-10-26 00:00:00,8.3694,8.3694,8.3694,8.3694,0
797,225.0,,2022-10-27 00:00:00,8.2315,8.3285,8.3285,8.2315,10
798,226.0,,2022-10-28 00:00:00,8.2027,8.3385,8.3385,8.2027,0
799,227.0,,2022-10-31 00:00:00,8.4415,8.4973,8.4973,8.4415,0
800,228.0,,2022-11-01 00:00:00,8.5641,8.4961,8.5641,8.4961,0
801,229.0,,2022-11-02 00:00:00,8.5707,8.3206,8.5707,8.3206,0
802,230.0,,2022-11-03 00:00:00,8.218,8.2003,8.218,8.2003,0
803,231.0,,2022-11-04 00:00:00,8.0954,7.8544,8.0954,7.8544,0
804,232.0,,2022-11-07 00:00:00,7.8332,7.8323,7.8332,7.8323,0
805,233.0,,2022-11-08 00:00:00,7.8572,7.9712,7.9712,7.8572,0
806,234.0,,2022-11-09 00:00:00,7.8603,7.6822,7.8603,7.6822,0
807,235.0,,2022-11-10 00:00:00,8.1171,8.1171,8.1171,8.1171,0
808,236.0,,2022-11-11 00:00:00,8.2203,8.2203,8.2203,8.2203,0
809,237.0,,2022-11-14 00:00:00,8.3033,8.2174,8.3033,8.2174,0
810,238.0,,2022-11-15 00:00:00,8.2599,8.4744,8.4744,8.2599,0
811,239.0,,2022-11-16 00:00:00,8.3772,8.1905,8.3772,8.1905,0
812,240.0,,2022-11-17 00:00:00,8.2369,8.1032,8.2369,8.1032,0
813,241.0,,2022-11-18 00:00:00,8.087,8.0982,8.0982,8.087,0
814,242.0,,2022-11-21 00:00:00,8.0845,8.0573,8.0845,8.0573,0
815,243.0,,2022-11-22 00:00:00,8.0072,8.0223,8.0223,8.0072,0
816,244.0,,2022-11-23 00:00:00,8.0313,8.1202,8.1202,8.0313,0
817,245.0,,2022-11-24 00:00:00,8.1275,8.1515,8.1515,8.1275,0
818,246.0,,2022-11-25 00:00:00,8.1142,8.0683,8.1142,8.0683,0
819,247.0,,2022-11-28 00:00:00,8.004,8.004,8.004,8.004,0
820,248.0,,2022-11-29 00:00:00,8.0123,8.0123,8.0123,8.0123,0
821,249.0,,2022-11-30 00:00:00,7.9232,7.9232,7.9232,7.9232,0
822,250.0,,2022-12-02 00:00:00,8.236,8.236,8.236,8.236,0
823,251.0,,2022-12-06 00:00:00,8.0304,8.0304,8.0304,8.0304,0
824,252.0,,2022-12-07 00:00:00,7.9613,7.9613,7.9613,7.9613,0
825,253.0,,2022-12-08 00:00:00,7.888,7.888,7.888,7.888,0
826,254.0,,2022-12-13 00:00:00,8.1513,8.1513,8.1513,8.1513,0
827,255.0,,2022-12-14 00:00:00,8.1904,8.1904,8.1904,8.1904,0
828,256.0,,2022-12-15 00:00:00,8.1264,8.1264,8.1264,8.1264,2
829,257.0,,2022-12-16 00:00:00,7.8324,7.8324,7.8324,7.8324,0
830,258.0,,2022-12-19 00:00:00,7.8001,7.8001,7.8001,7.8001,0
831,259.0,,2022-12-20 00:00:00,7.5561,7.5561,7.5561,7.5561,0
832,260.0,,2022-12-21 00:00:00,7.6885,7.6885,7.6885,7.6885,0
833,261.0,,2022-12-22 00:00:00,7.7291,7.7291,7.7291,7.7291,0
834,262.0,,2022-12-23 00:00:00,7.597,7.597,7.597,7.597,0
835,263.0,,2022-12-28 00:00:00,7.493,7.493,7.493,7.493,0
836,264.0,,2022-12-29 00:00:00,7.458,7.458,7.458,7.458,0
837,265.0,,2022-12-30 00:00:00,7.595,7.595,7.595,7.595,0
838,266.0,,2023-01-03 00:00:00,7.7651,7.7651,7.7651,7.7651,0
839,267.0,,2023-01-04 00:00:00,7.8026,7.8026,7.8026,7.8026,0
840,268.0,,2023-01-05 00:00:00,7.8242,7.8242,7.8242,7.8242,0
841,269.0,,2023-01-06 00:00:00,7.6844,7.6844,7.6844,7.6844,0
842,270.0,,2023-01-09 00:00:00,7.7011,7.7011,7.7011,7.7011,0
843,271.0,,2023-01-10 00:00:00,7.7612,7.7612,7.7612,7.7612,0
844,272.0,,2023-01-12 00:00:00,7.8493,7.8493,7.8493,7.8493,0
845,273.0,,2023-01-13 00:00:00,7.8172,7.8172,7.8172,7.8172,0
846,274.0,,2023-01-16 00:00:00,7.8832,7.8832,7.8832,7.8832,0
847,275.0,,2023-01-17 00:00:00,7.8343,7.8343,7.8343,7.8343,0
848,276.0,,2023-01-18 00:00:00,7.9722,7.9722,7.9722,7.9722,0
849,277.0,,2023-01-19 00:00:00,7.8404,7.8404,7.8404,7.8404,0
850,278.0,,2023-01-20 00:00:00,7.8162,7.8162,7.8162,7.8162,0
851,279.0,,2023-01-23 00:00:00,7.9399,7.9399,7.9399,7.9399,0
852,280.0,,2023-01-24 00:00:00,8.1399,8.1399,8.1399,8.1399,0
853,281.0,,2023-01-25 00:00:00,8.067,8.067,8.067,8.067,0
854,282.0,,2023-01-26 00:00:00,8.1061,8.1061,8.1061,8.1061,0
855,283.0,,2023-01-27 00:00:00,8.1795,8.1795,8.1795,8.1795,0
856,284.0,,2023-01-30 00:00:00,8.2619,8.2619,8.2619,8.2619,0
857,285.0,,2023-01-31 00:00:00,8.1832,8.1832,8.1832,8.1832,0
858,286.0,,2023-02-01 00:00:00,8.2571,8.2571,8.2571,8.2571,0
859,287.0,,2023-02-02 00:00:00,8.5253,8.5253,8.5253,8.5253,0
860,288.0,,2023-02-03 00:00:00,8.764,8.764,8.764,8.764,0
861,289.0,,2023-02-06 00:00:00,8.726,8.726,8.726,8.726,0
862,290.0,,2023-02-07 00:00:00,8.6334,8.6334,8.6334,8.6334,0
863,291.0,,2023-02-08 00:00:00,8.7577,8.7577,8.7577,8.7577,0
864,292.0,,2023-02-09 00:00:00,8.8004,8.8004,8.8004,8.8004,0
865,293.0,,2023-02-10 00:00:00,8.6595,8.6595,8.6595,8.6595,0
866,294.0,,2023-02-14 00:00:00,8.6999,8.6999,8.6999,8.6999,0
867,295.0,,2023-02-15 00:00:00,8.7782,8.7782,8.7782,8.7782,0
868,296.0,,2023-02-16 00:00:00,9.0207,9.0207,9.0207,9.0207,0
869,297.0,,2023-02-20 00:00:00,8.7046,8.7046,8.7046,8.7046,0
870,298.0,,2023-02-21 00:00:00,8.7047,8.7047,8.7047,8.7047,0
871,299.0,,2023-02-23 00:00:00,8.6396,8.6396,8.6396,8.6396,0
872,300.0,,2023-02-24 00:00:00,8.5936,8.5936,8.5936,8.5936,0
873,301.0,,2023-02-27 00:00:00,8.4845,8.4845,8.4845,8.4845,0
874,302.0,,2023-02-28 00:00:00,8.413,8.413,8.413,8.413,0
875,303.0,,2023-03-01 00:00:00,8.4676,8.4676,8.4676,8.4676,0
876,304.0,,2023-03-03 00:00:00,8.4985,8.4985,8.4985,8.4985,0
877,305.0,,2023-03-06 00:00:00,8.6776,8.6776,8.6776,8.6776,0
878,306.0,,2023-03-07 00:00:00,8.5893,8.5893,8.5893,8.5893,0
879,307.0,,2023-03-08 00:00:00,8.604,8.604,8.604,8.604,0
880,308.0,,2023-03-09 00:00:00,8.6217,8.6217,8.6217,8.6217,0
881,309.0,,2023-03-10 00:00:00,8.3403,8.3877,8.3877,8.3403,2
882,310.0,,2023-03-13 00:00:00,8.1964,8.1964,8.1964,8.1964,0
883,311.0,,2023-03-14 00:00:00,8.0637,8.0637,8.0637,8.0637,0
884,312.0,,2023-03-15 00:00:00,8.1661,8.1661,8.1661,8.1661,0
885,313.0,,2023-03-16 00:00:00,8.3038,8.3038,8.3038,8.3038,0
886,314.0,,2023-03-17 00:00:00,8.4862,8.3716,8.4862,8.3716,7566
887,315.0,,2023-03-20 00:00:00,8.3249,8.3249,8.3249,8.3249,0
888,316.0,,2023-03-21 00:00:00,8.3401,8.3401,8.3401,8.3401,0
889,317.0,,2023-03-22 00:00:00,8.4425,8.373,8.4425,8.373,2
890,318.0,,2023-03-23 00:00:00,8.254,8.254,8.254,8.254,0
891,319.0,,2023-03-24 00:00:00,8.3881,8.3881,8.3881,8.3881,0
892,320.0,,2023-03-27 00:00:00,8.3931,8.3931,8.3931,8.3931,0
893,321.0,,2023-03-28 00:00:00,8.4021,8.3784,8.4021,8.3784,2
894,322.0,,2023-03-29 00:00:00,8.4041,8.4041,8.4041,8.4041,0
895,323.0,,2023-03-30 00:00:00,8.5101,8.5101,8.5101,8.5101,0
896,324.0,,2023-03-31 00:00:00,8.5552,8.5552,8.5552,8.5552,0
897,325.0,,2023-04-03 00:00:00,8.8137,8.7553,8.8137,8.7553,1320
898,326.0,,2023-04-04 00:00:00,8.7329,8.7329,8.7329,8.7329,0
899,327.0,,2023-04-05 00:00:00,8.6931,8.6931,8.6931,8.6931,0
900,328.0,,2023-04-06 00:00:00,8.5125,8.5125,8.5125,8.5125,0
901,329.0,,2023-04-11 00:00:00,8.5762,8.5762,8.5762,8.5762,0
902,330.0,,2023-04-12 00:00:00,8.5236,8.5236,8.5236,8.5236,0
903,331.0,,2023-04-13 00:00:00,8.5001,8.5001,8.5001,8.5001,0
904,332.0,,2023-04-14 00:00:00,8.4906,8.4906,8.4906,8.4906,0
905,333.0,,2023-04-17 00:00:00,8.522,8.522,8.522,8.522,0
906,334.0,,2023-04-18 00:00:00,8.6086,8.6086,8.6086,8.6086,0
907,335.0,,2023-04-19 00:00:00,8.5655,8.5655,8.5655,8.5655,0
908,336.0,,2023-04-20 00:00:00,8.4245,8.4245,8.4245,8.4245,0
909,337.0,,2023-04-21 00:00:00,8.3274,8.3274,8.3274,8.3274,0
910,338.0,,2023-04-24 00:00:00,8.269,8.269,8.269,8.269,0
911,339.0,,2023-04-25 00:00:00,8.0839,8.0839,8.0839,8.0839,0
912,340.0,,2023-04-27 00:00:00,7.9716,7.9716,7.9716,7.9716,0
913,341.0,,2023-04-28 00:00:00,7.9852,7.9917,7.9917,7.9738,18813
914,342.0,,2023-05-02 00:00:00,7.9943,7.9943,7.9943,7.9943,0
915,343.0,,2023-05-03 00:00:00,7.7864,7.7864,7.7864,7.7864,0
916,344.0,,2023-05-04 00:00:00,7.7262,7.7262,7.7262,7.7262,0
917,345.0,,2023-05-05 00:00:00,7.8009,7.8009,7.8009,7.8009,0
918,346.0,,2023-05-08 00:00:00,7.8932,7.8932,7.8932,7.8932,0
919,347.0,,2023-05-09 00:00:00,8.0252,8.0509,8.0509,8.0252,10
920,348.0,,2023-05-10 00:00:00,8.0422,8.0422,8.0422,8.0422,0
921,349.0,,2023-05-11 00:00:00,8.202,8.202,8.202,8.202,0
922,350.0,,2023-05-12 00:00:00,8.162,8.162,8.162,8.162,0
923,351.0,,2023-05-15 00:00:00,8.1733,8.1733,8.1733,8.1733,0
924,352.0,,2023-05-16 00:00:00,8.2473,8.2473,8.2473,8.2473,0
925,353.0,,2023-05-17 00:00:00,8.2656,8.2656,8.2656,8.2656,0
926,354.0,,2023-05-18 00:00:00,8.4147,8.4147,8.4147,8.4147,0
927,355.0,,2023-05-19 00:00:00,8.6155,8.6155,8.6155,8.6155,0
928,356.0,,2023-05-22 00:00:00,8.5727,8.5727,8.5727,8.5727,0
929,357.0,,2023-05-23 00:00:00,8.7021,8.7021,8.7021,8.7021,0
930,358.0,,2023-05-24 00:00:00,8.6173,8.6173,8.6173,8.6173,0
931,359.0,,2023-05-25 00:00:00,8.6958,8.6958,8.6958,8.6958,0
932,360.0,,2023-05-26 00:00:00,8.7265,8.7265,8.7265,8.7265,0
933,361.0,,2023-05-29 00:00:00,8.9996,8.9996,8.9996,8.9996,0
934,362.0,,2023-05-30 00:00:00,9.0287,9.0287,9.0287,9.0287,0
935,363.0,,2023-05-31 00:00:00,9.1037,9.1037,9.1037,9.1037,0
936,364.0,,2023-06-01 00:00:00,9.2718,9.1929,9.2718,9.1929,4
937,365.0,,2023-06-02 00:00:00,9.1807,9.1807,9.1807,9.1807,0
938,366.0,,2023-06-05 00:00:00,9.3012,9.3012,9.3012,9.3012,0
939,367.0,,2023-06-06 00:00:00,9.313,9.313,9.313,9.313,0
940,368.0,,2023-06-07 00:00:00,9.368,9.368,9.368,9.368,0
941,369.0,,2023-06-09 00:00:00,9.1529,9.1529,9.1529,9.1529,0
942,370.0,,2023-06-12 00:00:00,9.2731,9.2731,9.2731,9.2731,0
943,371.0,,2023-06-13 00:00:00,9.4731,9.4731,9.4731,9.4731,0
944,372.0,,2023-06-14 00:00:00,9.5794,9.5794,9.5794,9.5794,0
945,373.0,,2023-06-15 00:00:00,9.5858,9.5858,9.5858,9.5858,0
946,374.0,,2023-06-16 00:00:00,9.6294,9.6294,9.6294,9.6294,0
947,375.0,,2023-06-19 00:00:00,9.553,9.553,9.553,9.553,0
948,376.0,,2023-06-20 00:00:00,9.5205,9.5205,9.5205,9.5205,0
949,377.0,,2023-06-21 00:00:00,9.3835,9.3835,9.3835,9.3835,0
950,378.0,,2023-06-22 00:00:00,9.1053,9.1053,9.1053,9.1053,0
951,379.0,,2023-06-23 00:00:00,9.1716,9.1716,9.1716,9.1716,0
952,380.0,,2023-06-26 00:00:00,9.1036,9.1036,9.1036,9.1036,0
953,381.0,,2023-06-27 00:00:00,9.0394,9.0394,9.0394,9.0394,0
954,382.0,,2023-06-28 00:00:00,9.1055,9.1055,9.1055,9.1055,0
955,383.0,,2023-06-29 00:00:00,9.2205,9.2205,9.2205,9.2205,0
956,384.0,,2023-06-30 00:00:00,9.2746,9.2746,9.2746,9.2746,0
957,385.0,,2023-07-03 00:00:00,9.4095,9.4095,9.4095,9.4095,0
958,386.0,,2023-07-04 00:00:00,9.3465,9.3465,9.3465,9.3465,0
959,387.0,,2023-07-05 00:00:00,9.3445,9.3445,9.3445,9.3445,0
960,388.0,,2023-07-06 00:00:00,9.288,9.234,9.288,9.234,15000
961,389.0,,2023-07-07 00:00:00,9.158,9.158,9.158,9.158,0
962,390.0,,2023-07-10 00:00:00,9.1305,9.1305,9.1305,9.1305,0
963,391.0,,2023-07-11 00:00:00,9.3045,9.3045,9.3045,9.3045,0
964,392.0,,2023-07-12 00:00:00,9.3825,9.359,9.3825,9.359,4
965,393.0,,2023-07-13 00:00:00,9.3535,9.3535,9.3535,9.3535,0
966,394.0,,2023-07-14 00:00:00,9.4925,9.4925,9.4925,9.4925,0
967,395.0,,2023-07-17 00:00:00,9.315,9.315,9.315,9.315,0
968,396.0,,2023-07-18 00:00:00,9.3705,9.3705,9.3705,9.3705,0
969,397.0,,2023-07-19 00:00:00,9.5045,9.5045,9.5045,9.5045,0
970,398.0,,2023-07-20 00:00:00,9.4839,9.4839,9.4839,9.4839,0
971,399.0,,2023-07-21 00:00:00,9.3575,9.3575,9.3575,9.3575,0
972,400.0,,2023-07-24 00:00:00,9.3575,9.3575,9.3575,9.3575,0
973,401.0,,2023-07-25 00:00:00,9.463,9.463,9.463,9.463,0
974,402.0,,2023-07-26 00:00:00,9.5015,9.5015,9.5015,9.5015,0
975,403.0,,2023-07-27 00:00:00,9.5025,9.5025,9.5025,9.5025,0
976,404.0,,2023-07-28 00:00:00,9.5415,9.5415,9.5415,9.5415,0
977,405.0,,2023-07-31 00:00:00,9.6195,9.6195,9.6195,9.6195,0
978,406.0,,2023-08-01 00:00:00,9.7825,9.7819,9.7825,9.7819,4
979,407.0,,2023-08-02 00:00:00,9.6825,9.6825,9.6825,9.6825,0
980,408.0,,2023-08-03 00:00:00,9.4545,9.4545,9.4545,9.4545,0
981,409.0,,2023-08-04 00:00:00,9.5605,9.5605,9.5605,9.5605,0
982,410.0,,2023-08-07 00:00:00,9.511,9.511,9.511,9.511,0
983,411.0,,2023-08-08 00:00:00,9.4187,9.4187,9.4187,9.4187,0
984,412.0,,2023-08-09 00:00:00,9.3525,9.3525,9.3525,9.3525,0
985,413.0,,2023-08-10 00:00:00,9.224,9.224,9.224,9.224,0
986,414.0,,2023-08-11 00:00:00,9.232,9.232,9.232,9.232,0
987,415.0,,2023-08-14 00:00:00,9.2835,9.2835,9.2835,9.2835,0
988,416.0,,2023-08-15 00:00:00,9.3425,9.3425,9.3425,9.3425,0
989,417.0,,2023-08-16 00:00:00,9.251,9.251,9.251,9.251,0
990,418.0,,2023-08-17 00:00:00,9.211,9.211,9.211,9.211,0
991,419.0,,2023-08-18 00:00:00,9.087,9.087,9.087,9.087,0
992,420.0,,2023-08-21 00:00:00,9.0835,9.0835,9.0835,9.0835,0
993,421.0,,2023-08-22 00:00:00,9.1595,9.1595,9.1595,9.1595,0
994,422.0,,2023-08-23 00:00:00,9.218,9.218,9.218,9.218,0
995,423.0,,2023-08-24 00:00:00,9.4438,9.4438,9.4438,9.4438,0
996,424.0,,2023-08-25 00:00:00,9.1555,9.1555,9.1555,9.1555,0
997,425.0,,2023-08-28 00:00:00,9.275,9.275,9.275,9.275,0
998,426.0,,2023-08-29 00:00:00,9.381,9.381,9.381,9.381,0
999,427.0,,2023-08-30 00:00:00,9.464,9.464,9.464,9.464,0
1000,428.0,,2023-08-31 00:00:00,9.507,9.507,9.507,9.507,0
1001,429.0,,2023-09-01 00:00:00,9.7039,9.7039,9.7039,9.7039,0
1002,430.0,,2023-09-04 00:00:00,9.8305,9.8305,9.8305,9.8305,0
1003,431.0,,2023-09-05 00:00:00,9.7839,9.7839,9.7839,9.7839,0
1004,432.0,,2023-09-06 00:00:00,9.834,9.834,9.834,9.834,0
1005,433.0,,2023-09-07 00:00:00,9.7855,9.771,9.7855,9.771,2
1006,434.0,,2023-09-08 00:00:00,9.745,9.745,9.745,9.745,0
1007,435.0,,2023-09-11 00:00:00,9.755,9.755,9.755,9.755,0
1008,436.0,,2023-09-12 00:00:00,9.778,9.778,9.778,9.778,0
1009,437.0,,2023-09-13 00:00:00,9.6255,9.6255,9.6255,9.6255,0
1010,438.0,,2023-09-14 00:00:00,9.6,9.6,9.6,9.6,0
1011,439.0,,2023-09-15 00:00:00,9.673,9.673,9.673,9.673,0
1012,440.0,,2023-09-18 00:00:00,9.555,9.555,9.555,9.555,0
1013,441.0,,2023-09-19 00:00:00,9.4794,9.4794,9.4794,9.4794,0
1014,442.0,,2023-09-20 00:00:00,9.486,9.486,9.486,9.486,0
1015,443.0,,2023-09-21 00:00:00,9.425,9.425,9.425,9.425,0
1016,444.0,,2023-09-22 00:00:00,9.327,9.327,9.327,9.327,0
1017,445.0,,2023-09-25 00:00:00,9.39,9.39,9.39,9.39,0
1018,446.0,,2023-09-26 00:00:00,9.317,9.317,9.317,9.317,0
1019,447.0,,2023-09-27 00:00:00,9.25,9.25,9.25,9.25,0
1020,448.0,,2023-09-28 00:00:00,9.3653,9.3653,9.3653,9.3653,0
1021,449.0,,2023-09-29 00:00:00,9.44,9.44,9.44,9.44,0
1022,450.0,,2023-10-02 00:00:00,9.5165,9.5165,9.5165,9.5165,0
1023,451.0,,2023-10-03 00:00:00,9.4977,9.4977,9.4977,9.4977,0
1024,452.0,,2023-10-04 00:00:00,9.22,9.22,9.22,9.22,0
1025,453.0,,2023-10-05 00:00:00,9.274,9.274,9.274,9.274,0
1026,454.0,,2023-10-06 00:00:00,9.245,9.245,9.245,9.245,0
1027,455.0,,2023-10-09 00:00:00,9.398,9.398,9.398,9.398,0
1028,456.0,,2023-10-10 00:00:00,9.493,9.493,9.493,9.493,0
1029,457.0,,2023-10-11 00:00:00,9.53,9.53,9.53,9.53,0
1030,458.0,,2023-10-12 00:00:00,9.545,9.528,9.584,9.528,15365
1031,459.0,,2023-10-13 00:00:00,9.452,9.452,9.452,9.452,0
1032,460.0,,2023-10-16 00:00:00,9.3272,9.3272,9.3272,9.3272,0
1033,461.0,,2023-10-17 00:00:00,9.4312,9.4312,9.4312,9.4312,0
1034,462.0,,2023-10-18 00:00:00,9.4325,9.4325,9.4325,9.4325,0
1035,463.0,,2023-10-19 00:00:00,9.3299,9.3299,9.3299,9.3299,0
1036,464.0,,2023-10-20 00:00:00,9.1422,9.1422,9.1422,9.1422,0
1037,465.0,,2023-10-23 00:00:00,9.0005,9.0005,9.0005,9.0005,0
1038,466.0,,2023-10-24 00:00:00,8.92,8.92,8.92,8.92,0
1039,467.0,,2023-10-25 00:00:00,9.0275,9.0275,9.0275,9.0275,0
1040,468.0,,2023-10-26 00:00:00,8.7542,8.7542,8.7542,8.7542,0
1041,469.0,,2023-10-27 00:00:00,8.8752,8.8752,8.8752,8.8752,0
1042,470.0,,2023-10-30 00:00:00,8.8995,8.8995,8.8995,8.8995,0
1043,471.0,,2023-10-31 00:00:00,8.8105,8.8105,8.8105,8.8105,0
1044,472.0,,2023-11-01 00:00:00,8.9665,8.9665,8.9665,8.9665,0
1045,473.0,,2023-11-02 00:00:00,8.9655,8.9655,8.9655,8.9655,0
1046,474.0,,2023-11-03 00:00:00,9.0432,9.0432,9.0432,9.0432,0
1047,475.0,,2023-11-06 00:00:00,9.2374,9.2374,9.2374,9.2374,0
1048,476.0,,2023-11-07 00:00:00,9.1944,9.1944,9.1944,9.1944,0
1049,477.0,,2023-11-09 00:00:00,9.3815,9.424,9.424,9.3815,950
1050,478.0,,2023-11-10 00:00:00,9.29,9.29,9.29,9.29,0
1051,479.0,,2023-11-13 00:00:00,9.4331,9.4331,9.4331,9.4331,0
1052,480.0,,2023-11-14 00:00:00,9.451,9.451,9.451,9.451,0
1053,481.0,,2023-11-15 00:00:00,9.6002,9.6002,9.6002,9.6002,0
1054,482.0,,2023-11-16 00:00:00,9.6045,9.6045,9.6045,9.6045,0
1055,483.0,,2023-11-17 00:00:00,9.5349,9.5349,9.5349,9.5349,0
1056,484.0,,2023-11-20 00:00:00,9.549,9.549,9.549,9.549,0
1057,485.0,,2023-11-21 00:00:00,9.6135,9.6135,9.6135,9.6135,0
1058,486.0,,2023-11-22 00:00:00,9.56,9.56,9.56,9.56,0
1059,487.0,,2023-11-23 00:00:00,9.6481,9.6481,9.6481,9.6481,0
1060,488.0,,2023-11-24 00:00:00,9.6,9.6,9.6,9.6,0
1061,489.0,,2023-11-27 00:00:00,9.5895,9.5895,9.5895,9.5895,0
1062,490.0,,2023-11-28 00:00:00,9.5615,9.5615,9.5615,9.5615,0
1063,491.0,,2023-11-29 00:00:00,9.614,9.614,9.614,9.614,0
1064,492.0,,2023-11-30 00:00:00,9.7855,9.7855,9.7855,9.7855,0
1065,493.0,,2023-12-01 00:00:00,9.7865,9.7865,9.7865,9.7865,0
1066,494.0,,2023-12-04 00:00:00,9.977,9.977,9.977,9.977,0
1067,495.0,,2023-12-05 00:00:00,10.0185,10.0185,10.0185,10.0185,0
1068,496.0,,2023-12-07 00:00:00,10.0697,10.098,10.098,10.0697,4
1069,497.0,,2023-12-08 00:00:00,10.052,10.052,10.052,10.052,0
1070,498.0,,2023-12-11 00:00:00,10.193,10.193,10.193,10.193,0
1071,499.0,,2023-12-12 00:00:00,10.2547,10.2547,10.2547,10.2547,0
1072,500.0,,2023-12-13 00:00:00,10.264,10.264,10.264,10.264,0
1073,501.0,,2023-12-14 00:00:00,10.339,10.339,10.339,10.339,0
1074,502.0,,2023-12-15 00:00:00,10.33,10.33,10.33,10.33,0
1075,503.0,,2023-12-18 00:00:00,10.391,10.391,10.391,10.391,0
1076,504.0,,2023-12-19 00:00:00,10.417,10.417,10.417,10.417,0
1077,505.0,,2023-12-20 00:00:00,10.441,10.441,10.441,10.441,0
1078,506.0,,2023-12-21 00:00:00,10.356,10.378,10.378,10.356,578
1079,507.0,,2023-12-22 00:00:00,10.381,10.381,10.381,10.381,0
1080,508.0,,2023-12-28 00:00:00,10.445,10.445,10.445,10.445,0
1081,509.0,,2023-12-29 00:00:00,10.536,10.5,10.536,10.5,106
1082,510.0,,2024-01-02 00:00:00,10.4491,10.4491,10.4491,10.4491,0
1083,511.0,,2024-01-03 00:00:00,10.219,10.18,10.219,10.18,150
1084,512.0,,2024-01-04 00:00:00,10.046,10.046,10.046,10.046,0
1085,513.0,,2024-01-05 00:00:00,10.0084,9.984,10.0084,9.984,150
1086,514.0,,2024-01-08 00:00:00,9.9725,9.9725,9.9725,9.9725,0
1087,515.0,,2024-01-09 00:00:00,10.19,10.19,10.19,10.19,0
1088,516.0,,2024-01-10 00:00:00,10.234,10.2319,10.234,10.2319,60
1089,517.0,,2024-01-11 00:00:00,10.337,10.337,10.337,10.337,0
1090,518.0,,2024-01-12 00:00:00,10.34,10.34,10.34,10.34,0
1091,519.0,,2024-01-15 00:00:00,10.3971,10.3971,10.3971,10.3971,0
1092,520.0,,2024-01-16 00:00:00,10.321,10.321,10.321,10.321,0
1093,521.0,,2024-01-17 00:00:00,10.293,10.293,10.293,10.293,0
1094,522.0,,2024-01-18 00:00:00,10.272,10.272,10.272,10.272,0
1095,523.0,,2024-01-19 00:00:00,10.399,10.399,10.399,10.399,0
1096,524.0,,2024-01-22 00:00:00,10.4911,10.4911,10.4911,10.4911,0
1097,525.0,,2024-01-23 00:00:00,10.6217,10.6217,10.6217,10.6217,0
1098,526.0,,2024-01-24 00:00:00,10.761,10.761,10.761,10.761,0
1099,527.0,,2024-01-25 00:00:00,10.688,10.688,10.688,10.688,0
1100,528.0,,2024-01-26 00:00:00,10.694,10.714,10.714,10.694,250
1101,529.0,,2024-01-29 00:00:00,10.703,10.703,10.703,10.703,0
1102,530.0,,2024-01-30 00:00:00,10.863,10.863,10.863,10.863,0
1103,531.0,,2024-01-31 00:00:00,10.708,10.708,10.708,10.708,0
1104,532.0,,2024-02-01 00:00:00,10.6154,10.6154,10.6154,10.6154,0
1105,533.0,,2024-02-02 00:00:00,10.6577,10.606,10.6577,10.606,150
1106,534.0,,2024-02-05 00:00:00,10.6836,10.6836,10.6836,10.6836,0
1107,535.0,,2024-02-06 00:00:00,10.672,10.672,10.672,10.672,0
1108,536.0,,2024-02-07 00:00:00,10.6867,10.69,10.69,10.6867,100
1109,537.0,,2024-02-08 00:00:00,10.735,10.735,10.735,10.735,0
1110,538.0,,2024-02-09 00:00:00,10.905,10.914,10.914,10.905,96
1111,539.0,,2024-02-12 00:00:00,11.038,11.0837,11.0837,11.038,150
1112,540.0,,2024-02-13 00:00:00,11.044,10.732,11.044,10.732,1690
1113,541.0,,2024-02-14 00:00:00,10.769,10.769,10.769,10.769,0
1114,542.0,,2024-02-15 00:00:00,10.938,10.938,10.938,10.938,0
1115,543.0,,2024-02-16 00:00:00,10.939,10.939,10.939,10.939,0
1116,544.0,,2024-02-19 00:00:00,10.784,10.784,10.784,10.784,150
1117,545.0,,2024-02-20 00:00:00,10.757,10.714,10.757,10.714,150
1118,546.0,,2024-02-21 00:00:00,10.513,10.513,10.513,10.513,0
1119,547.0,,2024-02-22 00:00:00,10.447,10.447,10.447,10.447,0
1120,548.0,,2024-02-23 00:00:00,10.562,10.6056,10.6056,10.562,4
1121,549.0,,2024-02-26 00:00:00,10.611,10.611,10.611,10.611,0
1122,550.0,,2024-02-27 00:00:00,10.699,10.699,10.699,10.699,0
1123,551.0,,2024-02-28 00:00:00,10.706,10.706,10.706,10.706,0
1124,552.0,,2024-02-29 00:00:00,10.672,10.672,10.672,10.672,0
1125,553.0,,2024-03-01 00:00:00,10.9078,10.9078,10.9078,10.9078,0
1126,554.0,,2024-03-04 00:00:00,10.918,10.918,10.918,10.918,0
1127,555.0,,2024-03-05 00:00:00,10.7937,10.5323,10.7937,10.5323,152
1128,556.0,,2024-03-06 00:00:00,10.653,10.653,10.653,10.653,0
1129,557.0,,2024-03-07 00:00:00,10.6286,10.6644,10.6644,10.6286,150
1130,558.0,,2024-03-08 00:00:00,10.7129,10.7129,10.7129,10.7129,0
1131,559.0,,2024-03-11 00:00:00,10.6909,10.764,10.764,10.6909,20
1132,560.0,,2024-03-12 00:00:00,10.8237,10.8237,10.8237,10.8237,0
1133,561.0,,2024-03-13 00:00:00,10.8523,10.8523,10.8523,10.8523,0
1134,562.0,,2024-03-14 00:00:00,10.803,10.694,10.819,10.694,155
1135,563.0,,2024-03-15 00:00:00,10.6773,10.6773,10.6773,10.6773,0
1136,564.0,,2024-03-18 00:00:00,10.5777,10.5777,10.5777,10.5777,0
1137,565.0,,2024-03-19 00:00:00,10.6394,10.6394,10.6394,10.6394,0
1138,566.0,,2024-03-20 00:00:00,10.6921,10.6921,10.6921,10.6921,0
1139,567.0,,2024-03-21 00:00:00,10.867,10.867,10.867,10.867,0
1140,568.0,,2024-03-22 00:00:00,10.896,10.896,10.896,10.896,0
1141,569.0,,2024-03-25 00:00:00,10.7481,10.724,10.7481,10.724,120
1142,570.0,,2024-03-26 00:00:00,10.773,10.773,10.773,10.773,0
1143,571.0,,2024-03-27 00:00:00,10.711,10.711,10.711,10.711,0
0,,,2021-12-14 00:00:00,11.531,11.322,11.531,11.322,0
1,,,2021-12-15 00:00:00,11.367,11.295,11.367,11.295,0
2,,,2021-12-16 00:00:00,11.649,11.441,11.649,11.441,0
3,,,2021-12-17 00:00:00,11.441,11.441,11.441,11.441,0
4,,,2021-12-20 00:00:00,11.323,11.22,11.323,11.22,0
5,,,2021-12-21 00:00:00,11.38,11.435,11.435,11.38,0
6,,,2021-12-22 00:00:00,11.567,11.567,11.567,11.567,0
7,,,2021-12-23 00:00:00,11.567,11.681,11.681,11.567,0
8,,,2021-12-24 00:00:00,11.641,11.654,11.654,11.641,0
9,,,2021-12-27 00:00:00,11.629,11.717,11.717,11.629,0
10,,,2021-12-28 00:00:00,11.736,11.656,11.736,11.656,0
11,,,2021-12-29 00:00:00,11.704,11.599,11.704,11.599,0
12,,,2021-12-30 00:00:00,11.654,11.703,11.703,11.654,0
13,,,2021-12-31 00:00:00,11.674,11.657,11.674,11.657,0
14,,,2022-01-03 00:00:00,11.611,11.578,11.611,11.532,7665
15,,,2022-01-04 00:00:00,11.654,11.403,11.654,11.402,1502
16,,,2022-01-05 00:00:00,11.358,11.321,11.358,11.321,6710
17,,,2022-01-06 00:00:00,11.099,11.176,11.176,11.099,0
18,,,2022-01-07 00:00:00,11.1234,11.052,11.19,11.052,1502
19,,,2022-01-10 00:00:00,11.067,10.885,11.067,10.885,1595
20,,,2022-01-11 00:00:00,11.116,11.116,11.116,11.116,0
21,,,2022-01-12 00:00:00,11.241,11.139,11.241,11.139,0
22,,,2022-01-13 00:00:00,11.051,11.004,11.051,11.004,0
23,,,2022-01-14 00:00:00,10.828,10.812,10.828,10.812,0
24,,,2022-01-17 00:00:00,10.898,10.94,10.94,10.898,0
25,,,2022-01-18 00:00:00,10.862,10.848,10.862,10.784,10000
26,,,2022-01-19 00:00:00,10.664,10.716,10.716,10.664,0
27,,,2022-01-20 00:00:00,10.741,10.948,10.948,10.741,0
28,,,2022-01-21 00:00:00,10.636,10.636,10.636,10.636,0
29,,,2022-01-24 00:00:00,10.493,10.059,10.493,10.059,0
30,,,2022-01-25 00:00:00,10.35,10.215,10.35,10.215,0
31,,,2022-01-26 00:00:00,10.283,10.4,10.4,10.283,0
32,,,2022-01-27 00:00:00,10.026,10.263,10.263,10.026,0
33,,,2022-01-28 00:00:00,10.12,10.077,10.12,10.077,0
34,,,2022-01-31 00:00:00,10.258,10.506,10.506,10.258,0
35,,,2022-02-01 00:00:00,10.617,10.688,10.688,10.617,0
36,,,2022-02-02 00:00:00,10.787,10.49,10.787,10.49,14000
37,,,2022-02-03 00:00:00,10.4503,10.244,10.4503,10.244,0
38,,,2022-02-04 00:00:00,10.381,10.231,10.381,10.231,0
39,,,2022-02-07 00:00:00,10.317,10.327,10.327,10.317,0
40,,,2022-02-08 00:00:00,10.326,10.44,10.44,10.326,0
41,,,2022-02-09 00:00:00,10.559,10.678,10.678,10.559,0
42,,,2022-02-10 00:00:00,10.7884,10.78,10.7884,10.78,0
43,,,2022-02-11 00:00:00,10.711,10.661,10.711,10.661,0
44,,,2022-02-14 00:00:00,10.5244,10.634,10.634,10.5244,0
45,,,2022-02-15 00:00:00,10.531,10.702,10.702,10.531,0
46,,,2022-02-16 00:00:00,10.721,10.604,10.721,10.604,0
47,,,2022-02-17 00:00:00,10.64,10.622,10.64,10.598,16356
48,,,2022-02-18 00:00:00,10.3637,10.151,10.3637,10.151,0
49,,,2022-02-21 00:00:00,10.231,10.043,10.231,10.043,0
50,,,2022-02-22 00:00:00,9.9906,10.095,10.095,9.9906,0
51,,,2022-02-23 00:00:00,9.902,9.902,9.902,9.902,0
52,,,2022-02-24 00:00:00,9.8535,9.8535,9.8535,9.8535,0
53,,,2022-02-25 00:00:00,10.066,10.115,10.115,10.066,0
54,,,2022-02-28 00:00:00,10.122,10.341,10.341,10.122,0
55,,,2022-03-01 00:00:00,10.416,10.368,10.416,10.368,0
56,,,2022-03-02 00:00:00,10.378,10.405,10.405,10.378,0
57,,,2022-03-03 00:00:00,10.5124,10.305,10.5124,10.305,10
58,,,2022-03-04 00:00:00,10.258,10.125,10.258,10.125,0
59,,,2022-03-07 00:00:00,9.999,10.049,10.049,9.999,0
60,,,2022-03-08 00:00:00,9.7815,9.7445,9.7815,9.7445,0
61,,,2022-03-09 00:00:00,9.825,9.915,9.915,9.825,0
62,,,2022-03-10 00:00:00,9.955,9.745,9.955,9.745,0
63,,,2022-03-11 00:00:00,9.8813,9.721,9.8813,9.721,0
64,,,2022-03-14 00:00:00,9.5515,9.2885,9.5515,9.2885,0
65,,,2022-03-15 00:00:00,9.1375,9.356,9.356,9.1375,0
66,,,2022-03-16 00:00:00,9.6555,9.771,9.771,9.6555,0
67,,,2022-03-17 00:00:00,9.9315,9.8885,9.9315,9.8885,0
68,,,2022-03-18 00:00:00,9.99,10.319,10.319,9.99,0
69,,,2022-03-21 00:00:00,10.2669,10.278,10.278,10.2669,0
70,,,2022-03-22 00:00:00,10.488,10.488,10.488,10.488,0
71,,,2022-03-23 00:00:00,10.54,10.543,10.554,10.54,14000
72,,,2022-03-24 00:00:00,10.5,10.444,10.5,10.444,0
73,,,2022-03-25 00:00:00,10.516,10.38,10.516,10.38,0
74,,,2022-03-28 00:00:00,10.4,10.41,10.41,10.4,0
75,,,2022-03-29 00:00:00,10.602,10.54,10.602,10.54,3
76,,,2022-03-30 00:00:00,10.628,10.53,10.628,10.53,0
77,,,2022-03-31 00:00:00,10.46,10.456,10.46,10.456,0
78,,,2022-04-01 00:00:00,10.415,10.516,10.516,10.415,0
79,,,2022-04-04 00:00:00,10.555,10.762,10.762,10.555,0
80,,,2022-04-05 00:00:00,10.814,10.67,10.814,10.67,0
81,,,2022-04-06 00:00:00,10.606,10.318,10.606,10.318,0
82,,,2022-04-07 00:00:00,10.347,10.263,10.347,10.263,0
83,,,2022-04-08 00:00:00,10.4178,10.293,10.4178,10.293,0
84,,,2022-04-11 00:00:00,10.155,10.233,10.233,10.155,0
85,,,2022-04-12 00:00:00,10.1965,10.383,10.383,10.1965,0
86,,,2022-04-13 00:00:00,10.2945,10.381,10.381,10.2945,0
87,,,2022-04-14 00:00:00,10.361,10.351,10.361,10.351,0
88,,,2022-04-19 00:00:00,10.158,10.325,10.325,10.158,14000
89,,,2022-04-20 00:00:00,10.228,10.249,10.249,10.228,0
90,,,2022-04-21 00:00:00,10.179,10.08,10.179,10.08,0
91,,,2022-04-22 00:00:00,9.926,9.972,9.975,9.926,17614
92,,,2022-04-25 00:00:00,9.763,9.8715,9.8715,9.763,0
93,,,2022-04-26 00:00:00,9.975,9.788,9.975,9.788,0
94,,,2022-04-27 00:00:00,9.798,9.794,9.871,9.794,9819
95,,,2022-04-28 00:00:00,9.8447,9.78,9.8447,9.758,9819
96,,,2022-04-29 00:00:00,10.0077,9.9115,10.0077,9.9115,4
97,,,2022-05-02 00:00:00,9.7675,9.7675,9.7675,9.7675,0
98,,,2022-05-03 00:00:00,9.8603,9.825,9.8603,9.825,0
99,,,2022-05-04 00:00:00,9.8055,9.5505,9.8055,9.5505,0
100,,,2022-05-05 00:00:00,9.636,9.526,9.636,9.526,4
101,,,2022-05-06 00:00:00,9.3425,9.3425,9.3425,9.3425,0
102,,,2022-05-09 00:00:00,9.2232,8.892,9.2232,8.892,0
103,,,2022-05-10 00:00:00,8.929,8.7205,8.929,8.7205,0
104,,,2022-05-11 00:00:00,8.8915,8.8385,8.8915,8.8385,0
105,,,2022-05-12 00:00:00,8.529,8.807,8.807,8.529,13788
106,,,2022-05-13 00:00:00,8.8035,9.021,9.021,8.8035,13417
107,,,2022-05-16 00:00:00,9.0005,8.9195,9.0005,8.9195,0
108,,,2022-05-17 00:00:00,8.987,8.897,8.987,8.897,2
109,,,2022-05-18 00:00:00,8.8535,8.702,8.8535,8.702,0
110,,,2022-05-19 00:00:00,8.6415,8.6415,8.6415,8.6415,0
111,,,2022-05-20 00:00:00,8.756,8.635,8.756,8.635,0
112,,,2022-05-23 00:00:00,8.751,8.662,8.751,8.662,0
113,,,2022-05-24 00:00:00,8.4555,8.3555,8.4555,8.3555,0
114,,,2022-05-25 00:00:00,8.491,8.499,8.499,8.491,0
115,,,2022-05-26 00:00:00,8.5215,8.665,8.665,8.488,14000
116,,,2022-05-27 00:00:00,8.6985,8.8825,8.8825,8.6985,0
117,,,2022-05-30 00:00:00,9.0475,8.989,9.0475,8.989,0
118,,,2022-05-31 00:00:00,8.948,8.8675,8.948,8.8675,0
119,,,2022-06-01 00:00:00,8.867,8.8665,8.867,8.8665,0
120,,,2022-06-02 00:00:00,8.874,9.0255,9.0255,8.874,0
121,,,2022-06-03 00:00:00,9.0737,8.929,9.0737,8.929,0
122,,,2022-06-06 00:00:00,8.9975,8.9975,8.9975,8.9975,0
123,,,2022-06-07 00:00:00,8.9095,9.003,9.003,8.9095,0
124,,,2022-06-08 00:00:00,9.0315,9.092,9.092,9.0315,0
125,,,2022-06-09 00:00:00,8.998,8.998,8.998,8.998,0
126,,,2022-06-10 00:00:00,8.9425,8.7385,8.9425,8.7385,0
127,,,2022-06-13 00:00:00,8.6148,8.4505,8.6148,8.4505,0
128,,,2022-06-14 00:00:00,8.5795,8.4695,8.5795,8.4695,0
129,,,2022-06-15 00:00:00,8.4105,8.535,8.535,8.4105,7837
130,,,2022-06-16 00:00:00,8.502,8.502,8.502,8.502,0
131,,,2022-06-17 00:00:00,8.2075,8.297,8.297,8.2075,14000
132,,,2022-06-20 00:00:00,8.3202,8.3405,8.3405,8.3202,14000
133,,,2022-06-21 00:00:00,8.449,8.4755,8.4755,8.425,19800
134,,,2022-06-22 00:00:00,8.471,8.471,8.471,8.471,0
135,,,2022-06-23 00:00:00,8.4305,8.6505,8.6505,8.4305,0
136,,,2022-06-24 00:00:00,8.7712,8.879,8.879,8.7712,0
137,,,2022-06-27 00:00:00,8.9755,8.88,8.9755,8.88,0
138,,,2022-06-28 00:00:00,8.9228,8.8275,8.9228,8.8275,0
139,,,2022-06-29 00:00:00,8.715,8.6835,8.715,8.6835,0
140,,,2022-06-30 00:00:00,8.6025,8.6025,8.6025,8.6025,0
141,,,2022-07-01 00:00:00,8.5115,8.655,8.655,8.5115,0
142,,,2022-07-04 00:00:00,8.6715,8.673,8.673,8.6715,0
143,,,2022-07-05 00:00:00,8.742,8.799,8.799,8.742,0
144,,,2022-07-06 00:00:00,8.9895,8.972,8.9895,8.972,0
145,,,2022-07-07 00:00:00,9.022,9.1775,9.1775,9.022,0
146,,,2022-07-08 00:00:00,9.1925,9.2495,9.2495,9.1925,0
147,,,2022-07-11 00:00:00,9.0875,9.015,9.0875,9.015,0
148,,,2022-07-12 00:00:00,8.8925,8.829,8.8925,8.829,0
149,,,2022-07-13 00:00:00,8.781,8.6595,8.781,8.6595,0
150,,,2022-07-14 00:00:00,8.668,8.5335,8.668,8.5335,0
151,,,2022-07-15 00:00:00,8.5358,8.6015,8.6015,8.5358,0
152,,,2022-07-18 00:00:00,8.728,8.7475,8.7475,8.728,0
153,,,2022-07-19 00:00:00,8.621,8.708,8.708,8.621,0
154,,,2022-07-20 00:00:00,9.049,9.049,9.049,9.049,0
155,,,2022-07-21 00:00:00,9.0265,9.098,9.098,9.0265,0
156,,,2022-07-22 00:00:00,9.1405,8.93,9.1405,8.93,0
157,,,2022-07-25 00:00:00,8.8745,8.799,8.8745,8.799,0
158,,,2022-07-26 00:00:00,8.7875,8.6745,8.7875,8.6745,0
159,,,2022-07-27 00:00:00,8.756,8.756,8.756,8.756,0
160,,,2022-07-28 00:00:00,8.944,8.944,8.944,8.944,0
161,,,2022-07-29 00:00:00,8.968,8.79,8.968,8.79,0
162,,,2022-08-01 00:00:00,8.8605,8.9,8.9,8.8605,0
163,,,2022-08-02 00:00:00,8.864,8.934,8.934,8.864,0
164,,,2022-08-03 00:00:00,9.0132,9.2495,9.2495,9.0132,0
165,,,2022-08-04 00:00:00,9.2765,9.1425,9.2765,9.1425,0
166,,,2022-08-05 00:00:00,9.2785,9.215,9.2785,9.215,0
167,,,2022-08-08 00:00:00,9.393,9.393,9.393,9.393,0
168,,,2022-08-09 00:00:00,9.3862,9.1276,9.3862,9.1276,0
169,,,2022-08-10 00:00:00,9.0789,9.3527,9.3527,9.0789,0
170,,,2022-08-11 00:00:00,9.4341,9.4178,9.4341,9.4178,0
171,,,2022-08-12 00:00:00,9.3043,9.4356,9.4356,9.3043,0
172,,,2022-08-15 00:00:00,9.4757,9.5423,9.5423,9.4757,0
173,,,2022-08-16 00:00:00,9.6184,9.5076,9.6184,9.4441,6877
174,,,2022-08-17 00:00:00,9.5532,9.3169,9.5532,9.3169,0
175,,,2022-08-18 00:00:00,9.3345,9.4825,9.4825,9.3345,0
176,,,2022-08-19 00:00:00,9.4532,9.2186,9.4532,9.2186,0
177,,,2022-08-22 00:00:00,9.1972,9.1972,9.1972,9.1972,0
178,,,2022-08-23 00:00:00,9.2144,9.208,9.2144,9.208,0
179,,,2022-08-24 00:00:00,9.1584,9.2808,9.2808,9.1584,0
180,,,2022-08-25 00:00:00,9.3019,9.3929,9.4048,9.3019,5190
181,,,2022-08-26 00:00:00,9.478,9.203,9.478,9.203,4677
182,,,2022-08-29 00:00:00,9.0842,8.9904,9.0842,8.9904,0
183,,,2022-08-30 00:00:00,9.054,8.9379,9.054,8.9379,0
184,,,2022-08-31 00:00:00,8.8535,8.8529,8.8535,8.8529,1569
185,,,2022-09-01 00:00:00,8.7947,8.5968,8.7947,8.5968,0
186,,,2022-09-02 00:00:00,8.7083,8.7634,8.7634,8.7083,0
187,,,2022-09-05 00:00:00,8.782,8.7061,8.782,8.7061,10
188,,,2022-09-06 00:00:00,8.7037,8.694,8.7037,8.694,0
189,,,2022-09-07 00:00:00,8.6514,8.607,8.6514,8.607,0
190,,,2022-09-08 00:00:00,8.7209,8.8096,8.8096,8.7209,0
191,,,2022-09-09 00:00:00,8.8358,8.9477,8.9477,8.8358,0
192,,,2022-09-12 00:00:00,8.8882,8.9984,8.9984,8.8882,0
193,,,2022-09-13 00:00:00,9.0949,8.7914,9.0949,8.7914,0
194,,,2022-09-14 00:00:00,8.799,8.7225,8.799,8.7225,0
195,,,2022-09-15 00:00:00,8.8147,8.6443,8.8147,8.6443,0
196,,,2022-09-16 00:00:00,8.4014,8.4014,8.4014,8.4014,0
197,,,2022-09-19 00:00:00,8.3581,8.3581,8.3581,8.3581,0
198,,,2022-09-20 00:00:00,8.4335,8.4335,8.4335,8.4335,0
199,,,2022-09-21 00:00:00,8.3975,8.4955,8.4955,8.3975,0
200,,,2022-09-22 00:00:00,8.2896,8.1946,8.2896,8.1946,0
201,,,2022-09-23 00:00:00,8.1512,8.1114,8.1512,8.1114,0
202,,,2022-09-26 00:00:00,8.1262,8.1952,8.1952,8.1262,0
203,,,2022-09-27 00:00:00,8.2206,8.2583,8.2583,8.2206,0
204,,,2022-09-28 00:00:00,8.178,8.2924,8.2924,8.1723,256
205,,,2022-09-29 00:00:00,8.2442,8.0671,8.2442,8.0671,0
206,,,2022-09-30 00:00:00,8.1304,8.2293,8.2293,8.1304,0
207,,,2022-10-03 00:00:00,8.0054,8.0855,8.0855,8.0054,0
208,,,2022-10-04 00:00:00,8.2284,8.3833,8.3833,8.2284,1140
209,,,2022-10-05 00:00:00,8.3321,8.3475,8.3475,8.3321,0
210,,,2022-10-06 00:00:00,8.4671,8.5343,8.5343,8.4671,0
211,,,2022-10-07 00:00:00,8.4976,8.2535,8.4976,8.2535,0
212,,,2022-10-10 00:00:00,8.1606,7.9904,8.1606,7.9904,0
213,,,2022-10-11 00:00:00,7.8573,7.8513,7.8573,7.8513,0
214,,,2022-10-12 00:00:00,7.8403,7.7643,7.8403,7.7643,0
215,,,2022-10-13 00:00:00,7.7873,7.7531,7.7873,7.7531,0
216,,,2022-10-14 00:00:00,7.885,7.8363,7.885,7.8363,0
217,,,2022-10-17 00:00:00,7.8179,8.0143,8.0143,7.8179,0
218,,,2022-10-18 00:00:00,8.1209,8.0783,8.1209,8.0783,0
219,,,2022-10-19 00:00:00,8.1486,8.0584,8.1486,8.0584,0
220,,,2022-10-20 00:00:00,7.9173,8.1373,8.1373,7.9173,0
221,,,2022-10-21 00:00:00,8.0271,8.0614,8.0614,8.0271,0
222,,,2022-10-24 00:00:00,8.177,8.0633,8.177,8.0633,0
223,,,2022-10-25 00:00:00,8.1364,8.2563,8.2563,8.1364,0
224,,,2022-10-26 00:00:00,8.3694,8.3694,8.3694,8.3694,0
225,,,2022-10-27 00:00:00,8.2315,8.3285,8.3285,8.2315,10
226,,,2022-10-28 00:00:00,8.2027,8.3385,8.3385,8.2027,0
227,,,2022-10-31 00:00:00,8.4415,8.4973,8.4973,8.4415,0
228,,,2022-11-01 00:00:00,8.5641,8.4961,8.5641,8.4961,0
229,,,2022-11-02 00:00:00,8.5707,8.3206,8.5707,8.3206,0
230,,,2022-11-03 00:00:00,8.218,8.2003,8.218,8.2003,0
231,,,2022-11-04 00:00:00,8.0954,7.8544,8.0954,7.8544,0
232,,,2022-11-07 00:00:00,7.8332,7.8323,7.8332,7.8323,0
233,,,2022-11-08 00:00:00,7.8572,7.9712,7.9712,7.8572,0
234,,,2022-11-09 00:00:00,7.8603,7.6822,7.8603,7.6822,0
235,,,2022-11-10 00:00:00,8.1171,8.1171,8.1171,8.1171,0
236,,,2022-11-11 00:00:00,8.2203,8.2203,8.2203,8.2203,0
237,,,2022-11-14 00:00:00,8.3033,8.2174,8.3033,8.2174,0
238,,,2022-11-15 00:00:00,8.2599,8.4744,8.4744,8.2599,0
239,,,2022-11-16 00:00:00,8.3772,8.1905,8.3772,8.1905,0
240,,,2022-11-17 00:00:00,8.2369,8.1032,8.2369,8.1032,0
241,,,2022-11-18 00:00:00,8.087,8.0982,8.0982,8.087,0
242,,,2022-11-21 00:00:00,8.0845,8.0573,8.0845,8.0573,0
243,,,2022-11-22 00:00:00,8.0072,8.0223,8.0223,8.0072,0
244,,,2022-11-23 00:00:00,8.0313,8.1202,8.1202,8.0313,0
245,,,2022-11-24 00:00:00,8.1275,8.1515,8.1515,8.1275,0
246,,,2022-11-25 00:00:00,8.1142,8.0683,8.1142,8.0683,0
247,,,2022-11-28 00:00:00,8.004,8.004,8.004,8.004,0
248,,,2022-11-29 00:00:00,8.0123,8.0123,8.0123,8.0123,0
249,,,2022-11-30 00:00:00,7.9232,7.9232,7.9232,7.9232,0
250,,,2022-12-02 00:00:00,8.236,8.236,8.236,8.236,0
251,,,2022-12-06 00:00:00,8.0304,8.0304,8.0304,8.0304,0
252,,,2022-12-07 00:00:00,7.9613,7.9613,7.9613,7.9613,0
253,,,2022-12-08 00:00:00,7.888,7.888,7.888,7.888,0
254,,,2022-12-13 00:00:00,8.1513,8.1513,8.1513,8.1513,0
255,,,2022-12-14 00:00:00,8.1904,8.1904,8.1904,8.1904,0
256,,,2022-12-15 00:00:00,8.1264,8.1264,8.1264,8.1264,2
257,,,2022-12-16 00:00:00,7.8324,7.8324,7.8324,7.8324,0
258,,,2022-12-19 00:00:00,7.8001,7.8001,7.8001,7.8001,0
259,,,2022-12-20 00:00:00,7.5561,7.5561,7.5561,7.5561,0
260,,,2022-12-21 00:00:00,7.6885,7.6885,7.6885,7.6885,0
261,,,2022-12-22 00:00:00,7.7291,7.7291,7.7291,7.7291,0
262,,,2022-12-23 00:00:00,7.597,7.597,7.597,7.597,0
263,,,2022-12-28 00:00:00,7.493,7.493,7.493,7.493,0
264,,,2022-12-29 00:00:00,7.458,7.458,7.458,7.458,0
265,,,2022-12-30 00:00:00,7.595,7.595,7.595,7.595,0
266,,,2023-01-03 00:00:00,7.7651,7.7651,7.7651,7.7651,0
267,,,2023-01-04 00:00:00,7.8026,7.8026,7.8026,7.8026,0
268,,,2023-01-05 00:00:00,7.8242,7.8242,7.8242,7.8242,0
269,,,2023-01-06 00:00:00,7.6844,7.6844,7.6844,7.6844,0
270,,,2023-01-09 00:00:00,7.7011,7.7011,7.7011,7.7011,0
271,,,2023-01-10 00:00:00,7.7612,7.7612,7.7612,7.7612,0
272,,,2023-01-12 00:00:00,7.8493,7.8493,7.8493,7.8493,0
273,,,2023-01-13 00:00:00,7.8172,7.8172,7.8172,7.8172,0
274,,,2023-01-16 00:00:00,7.8832,7.8832,7.8832,7.8832,0
275,,,2023-01-17 00:00:00,7.8343,7.8343,7.8343,7.8343,0
276,,,2023-01-18 00:00:00,7.9722,7.9722,7.9722,7.9722,0
277,,,2023-01-19 00:00:00,7.8404,7.8404,7.8404,7.8404,0
278,,,2023-01-20 00:00:00,7.8162,7.8162,7.8162,7.8162,0
279,,,2023-01-23 00:00:00,7.9399,7.9399,7.9399,7.9399,0
280,,,2023-01-24 00:00:00,8.1399,8.1399,8.1399,8.1399,0
281,,,2023-01-25 00:00:00,8.067,8.067,8.067,8.067,0
282,,,2023-01-26 00:00:00,8.1061,8.1061,8.1061,8.1061,0
283,,,2023-01-27 00:00:00,8.1795,8.1795,8.1795,8.1795,0
284,,,2023-01-30 00:00:00,8.2619,8.2619,8.2619,8.2619,0
285,,,2023-01-31 00:00:00,8.1832,8.1832,8.1832,8.1832,0
286,,,2023-02-01 00:00:00,8.2571,8.2571,8.2571,8.2571,0
287,,,2023-02-02 00:00:00,8.5253,8.5253,8.5253,8.5253,0
288,,,2023-02-03 00:00:00,8.764,8.764,8.764,8.764,0
289,,,2023-02-06 00:00:00,8.726,8.726,8.726,8.726,0
290,,,2023-02-07 00:00:00,8.6334,8.6334,8.6334,8.6334,0
291,,,2023-02-08 00:00:00,8.7577,8.7577,8.7577,8.7577,0
292,,,2023-02-09 00:00:00,8.8004,8.8004,8.8004,8.8004,0
293,,,2023-02-10 00:00:00,8.6595,8.6595,8.6595,8.6595,0
294,,,2023-02-14 00:00:00,8.6999,8.6999,8.6999,8.6999,0
295,,,2023-02-15 00:00:00,8.7782,8.7782,8.7782,8.7782,0
296,,,2023-02-16 00:00:00,9.0207,9.0207,9.0207,9.0207,0
297,,,2023-02-20 00:00:00,8.7046,8.7046,8.7046,8.7046,0
298,,,2023-02-21 00:00:00,8.7047,8.7047,8.7047,8.7047,0
299,,,2023-02-23 00:00:00,8.6396,8.6396,8.6396,8.6396,0
300,,,2023-02-24 00:00:00,8.5936,8.5936,8.5936,8.5936,0
301,,,2023-02-27 00:00:00,8.4845,8.4845,8.4845,8.4845,0
302,,,2023-02-28 00:00:00,8.413,8.413,8.413,8.413,0
303,,,2023-03-01 00:00:00,8.4676,8.4676,8.4676,8.4676,0
304,,,2023-03-03 00:00:00,8.4985,8.4985,8.4985,8.4985,0
305,,,2023-03-06 00:00:00,8.6776,8.6776,8.6776,8.6776,0
306,,,2023-03-07 00:00:00,8.5893,8.5893,8.5893,8.5893,0
307,,,2023-03-08 00:00:00,8.604,8.604,8.604,8.604,0
308,,,2023-03-09 00:00:00,8.6217,8.6217,8.6217,8.6217,0
309,,,2023-03-10 00:00:00,8.3403,8.3877,8.3877,8.3403,2
310,,,2023-03-13 00:00:00,8.1964,8.1964,8.1964,8.1964,0
311,,,2023-03-14 00:00:00,8.0637,8.0637,8.0637,8.0637,0
312,,,2023-03-15 00:00:00,8.1661,8.1661,8.1661,8.1661,0
313,,,2023-03-16 00:00:00,8.3038,8.3038,8.3038,8.3038,0
314,,,2023-03-17 00:00:00,8.4862,8.3716,8.4862,8.3716,7566
315,,,2023-03-20 00:00:00,8.3249,8.3249,8.3249,8.3249,0
316,,,2023-03-21 00:00:00,8.3401,8.3401,8.3401,8.3401,0
317,,,2023-03-22 00:00:00,8.4425,8.373,8.4425,8.373,2
318,,,2023-03-23 00:00:00,8.254,8.254,8.254,8.254,0
319,,,2023-03-24 00:00:00,8.3881,8.3881,8.3881,8.3881,0
320,,,2023-03-27 00:00:00,8.3931,8.3931,8.3931,8.3931,0
321,,,2023-03-28 00:00:00,8.4021,8.3784,8.4021,8.3784,2
322,,,2023-03-29 00:00:00,8.4041,8.4041,8.4041,8.4041,0
323,,,2023-03-30 00:00:00,8.5101,8.5101,8.5101,8.5101,0
324,,,2023-03-31 00:00:00,8.5552,8.5552,8.5552,8.5552,0
325,,,2023-04-03 00:00:00,8.8137,8.7553,8.8137,8.7553,1320
326,,,2023-04-04 00:00:00,8.7329,8.7329,8.7329,8.7329,0
327,,,2023-04-05 00:00:00,8.6931,8.6931,8.6931,8.6931,0
328,,,2023-04-06 00:00:00,8.5125,8.5125,8.5125,8.5125,0
329,,,2023-04-11 00:00:00,8.5762,8.5762,8.5762,8.5762,0
330,,,2023-04-12 00:00:00,8.5236,8.5236,8.5236,8.5236,0
331,,,2023-04-13 00:00:00,8.5001,8.5001,8.5001,8.5001,0
332,,,2023-04-14 00:00:00,8.4906,8.4906,8.4906,8.4906,0
333,,,2023-04-17 00:00:00,8.522,8.522,8.522,8.522,0
334,,,2023-04-18 00:00:00,8.6086,8.6086,8.6086,8.6086,0
335,,,2023-04-19 00:00:00,8.5655,8.5655,8.5655,8.5655,0
336,,,2023-04-20 00:00:00,8.4245,8.4245,8.4245,8.4245,0
337,,,2023-04-21 00:00:00,8.3274,8.3274,8.3274,8.3274,0
338,,,2023-04-24 00:00:00,8.269,8.269,8.269,8.269,0
339,,,2023-04-25 00:00:00,8.0839,8.0839,8.0839,8.0839,0
340,,,2023-04-27 00:00:00,7.9716,7.9716,7.9716,7.9716,0
341,,,2023-04-28 00:00:00,7.9852,7.9917,7.9917,7.9738,18813
342,,,2023-05-02 00:00:00,7.9943,7.9943,7.9943,7.9943,0
343,,,2023-05-03 00:00:00,7.7864,7.7864,7.7864,7.7864,0
344,,,2023-05-04 00:00:00,7.7262,7.7262,7.7262,7.7262,0
345,,,2023-05-05 00:00:00,7.8009,7.8009,7.8009,7.8009,0
346,,,2023-05-08 00:00:00,7.8932,7.8932,7.8932,7.8932,0
347,,,2023-05-09 00:00:00,8.0252,8.0509,8.0509,8.0252,10
348,,,2023-05-10 00:00:00,8.0422,8.0422,8.0422,8.0422,0
349,,,2023-05-11 00:00:00,8.202,8.202,8.202,8.202,0
350,,,2023-05-12 00:00:00,8.162,8.162,8.162,8.162,0
351,,,2023-05-15 00:00:00,8.1733,8.1733,8.1733,8.1733,0
352,,,2023-05-16 00:00:00,8.2473,8.2473,8.2473,8.2473,0
353,,,2023-05-17 00:00:00,8.2656,8.2656,8.2656,8.2656,0
354,,,2023-05-18 00:00:00,8.4147,8.4147,8.4147,8.4147,0
355,,,2023-05-19 00:00:00,8.6155,8.6155,8.6155,8.6155,0
356,,,2023-05-22 00:00:00,8.5727,8.5727,8.5727,8.5727,0
357,,,2023-05-23 00:00:00,8.7021,8.7021,8.7021,8.7021,0
358,,,2023-05-24 00:00:00,8.6173,8.6173,8.6173,8.6173,0
359,,,2023-05-25 00:00:00,8.6958,8.6958,8.6958,8.6958,0
360,,,2023-05-26 00:00:00,8.7265,8.7265,8.7265,8.7265,0
361,,,2023-05-29 00:00:00,8.9996,8.9996,8.9996,8.9996,0
362,,,2023-05-30 00:00:00,9.0287,9.0287,9.0287,9.0287,0
363,,,2023-05-31 00:00:00,9.1037,9.1037,9.1037,9.1037,0
364,,,2023-06-01 00:00:00,9.2718,9.1929,9.2718,9.1929,4
365,,,2023-06-02 00:00:00,9.1807,9.1807,9.1807,9.1807,0
366,,,2023-06-05 00:00:00,9.3012,9.3012,9.3012,9.3012,0
367,,,2023-06-06 00:00:00,9.313,9.313,9.313,9.313,0
368,,,2023-06-07 00:00:00,9.368,9.368,9.368,9.368,0
369,,,2023-06-09 00:00:00,9.1529,9.1529,9.1529,9.1529,0
370,,,2023-06-12 00:00:00,9.2731,9.2731,9.2731,9.2731,0
371,,,2023-06-13 00:00:00,9.4731,9.4731,9.4731,9.4731,0
372,,,2023-06-14 00:00:00,9.5794,9.5794,9.5794,9.5794,0
373,,,2023-06-15 00:00:00,9.5858,9.5858,9.5858,9.5858,0
374,,,2023-06-16 00:00:00,9.6294,9.6294,9.6294,9.6294,0
375,,,2023-06-19 00:00:00,9.553,9.553,9.553,9.553,0
376,,,2023-06-20 00:00:00,9.5205,9.5205,9.5205,9.5205,0
377,,,2023-06-21 00:00:00,9.3835,9.3835,9.3835,9.3835,0
378,,,2023-06-22 00:00:00,9.1053,9.1053,9.1053,9.1053,0
379,,,2023-06-23 00:00:00,9.1716,9.1716,9.1716,9.1716,0
380,,,2023-06-26 00:00:00,9.1036,9.1036,9.1036,9.1036,0
381,,,2023-06-27 00:00:00,9.0394,9.0394,9.0394,9.0394,0
382,,,2023-06-28 00:00:00,9.1055,9.1055,9.1055,9.1055,0
383,,,2023-06-29 00:00:00,9.2205,9.2205,9.2205,9.2205,0
384,,,2023-06-30 00:00:00,9.2746,9.2746,9.2746,9.2746,0
385,,,2023-07-03 00:00:00,9.4095,9.4095,9.4095,9.4095,0
386,,,2023-07-04 00:00:00,9.3465,9.3465,9.3465,9.3465,0
387,,,2023-07-05 00:00:00,9.3445,9.3445,9.3445,9.3445,0
388,,,2023-07-06 00:00:00,9.288,9.234,9.288,9.234,15000
389,,,2023-07-07 00:00:00,9.158,9.158,9.158,9.158,0
390,,,2023-07-10 00:00:00,9.1305,9.1305,9.1305,9.1305,0
391,,,2023-07-11 00:00:00,9.3045,9.3045,9.3045,9.3045,0
392,,,2023-07-12 00:00:00,9.3825,9.359,9.3825,9.359,4
393,,,2023-07-13 00:00:00,9.3535,9.3535,9.3535,9.3535,0
394,,,2023-07-14 00:00:00,9.4925,9.4925,9.4925,9.4925,0
395,,,2023-07-17 00:00:00,9.315,9.315,9.315,9.315,0
396,,,2023-07-18 00:00:00,9.3705,9.3705,9.3705,9.3705,0
397,,,2023-07-19 00:00:00,9.5045,9.5045,9.5045,9.5045,0
398,,,2023-07-20 00:00:00,9.4839,9.4839,9.4839,9.4839,0
399,,,2023-07-21 00:00:00,9.3575,9.3575,9.3575,9.3575,0
400,,,2023-07-24 00:00:00,9.3575,9.3575,9.3575,9.3575,0
401,,,2023-07-25 00:00:00,9.463,9.463,9.463,9.463,0
402,,,2023-07-26 00:00:00,9.5015,9.5015,9.5015,9.5015,0
403,,,2023-07-27 00:00:00,9.5025,9.5025,9.5025,9.5025,0
404,,,2023-07-28 00:00:00,9.5415,9.5415,9.5415,9.5415,0
405,,,2023-07-31 00:00:00,9.6195,9.6195,9.6195,9.6195,0
406,,,2023-08-01 00:00:00,9.7825,9.7819,9.7825,9.7819,4
407,,,2023-08-02 00:00:00,9.6825,9.6825,9.6825,9.6825,0
408,,,2023-08-03 00:00:00,9.4545,9.4545,9.4545,9.4545,0
409,,,2023-08-04 00:00:00,9.5605,9.5605,9.5605,9.5605,0
410,,,2023-08-07 00:00:00,9.511,9.511,9.511,9.511,0
411,,,2023-08-08 00:00:00,9.4187,9.4187,9.4187,9.4187,0
412,,,2023-08-09 00:00:00,9.3525,9.3525,9.3525,9.3525,0
413,,,2023-08-10 00:00:00,9.224,9.224,9.224,9.224,0
414,,,2023-08-11 00:00:00,9.232,9.232,9.232,9.232,0
415,,,2023-08-14 00:00:00,9.2835,9.2835,9.2835,9.2835,0
416,,,2023-08-15 00:00:00,9.3425,9.3425,9.3425,9.3425,0
417,,,2023-08-16 00:00:00,9.251,9.251,9.251,9.251,0
418,,,2023-08-17 00:00:00,9.211,9.211,9.211,9.211,0
419,,,2023-08-18 00:00:00,9.087,9.087,9.087,9.087,0
420,,,2023-08-21 00:00:00,9.0835,9.0835,9.0835,9.0835,0
421,,,2023-08-22 00:00:00,9.1595,9.1595,9.1595,9.1595,0
422,,,2023-08-23 00:00:00,9.218,9.218,9.218,9.218,0
423,,,2023-08-24 00:00:00,9.4438,9.4438,9.4438,9.4438,0
424,,,2023-08-25 00:00:00,9.1555,9.1555,9.1555,9.1555,0
425,,,2023-08-28 00:00:00,9.275,9.275,9.275,9.275,0
426,,,2023-08-29 00:00:00,9.381,9.381,9.381,9.381,0
427,,,2023-08-30 00:00:00,9.464,9.464,9.464,9.464,0
428,,,2023-08-31 00:00:00,9.507,9.507,9.507,9.507,0
429,,,2023-09-01 00:00:00,9.7039,9.7039,9.7039,9.7039,0
430,,,2023-09-04 00:00:00,9.8305,9.8305,9.8305,9.8305,0
431,,,2023-09-05 00:00:00,9.7839,9.7839,9.7839,9.7839,0
432,,,2023-09-06 00:00:00,9.834,9.834,9.834,9.834,0
433,,,2023-09-07 00:00:00,9.7855,9.771,9.7855,9.771,2
434,,,2023-09-08 00:00:00,9.745,9.745,9.745,9.745,0
435,,,2023-09-11 00:00:00,9.755,9.755,9.755,9.755,0
436,,,2023-09-12 00:00:00,9.778,9.778,9.778,9.778,0
437,,,2023-09-13 00:00:00,9.6255,9.6255,9.6255,9.6255,0
438,,,2023-09-14 00:00:00,9.6,9.6,9.6,9.6,0
439,,,2023-09-15 00:00:00,9.673,9.673,9.673,9.673,0
440,,,2023-09-18 00:00:00,9.555,9.555,9.555,9.555,0
441,,,2023-09-19 00:00:00,9.4794,9.4794,9.4794,9.4794,0
442,,,2023-09-20 00:00:00,9.486,9.486,9.486,9.486,0
443,,,2023-09-21 00:00:00,9.425,9.425,9.425,9.425,0
444,,,2023-09-22 00:00:00,9.327,9.327,9.327,9.327,0
445,,,2023-09-25 00:00:00,9.39,9.39,9.39,9.39,0
446,,,2023-09-26 00:00:00,9.317,9.317,9.317,9.317,0
447,,,2023-09-27 00:00:00,9.25,9.25,9.25,9.25,0
448,,,2023-09-28 00:00:00,9.3653,9.3653,9.3653,9.3653,0
449,,,2023-09-29 00:00:00,9.44,9.44,9.44,9.44,0
450,,,2023-10-02 00:00:00,9.5165,9.5165,9.5165,9.5165,0
451,,,2023-10-03 00:00:00,9.4977,9.4977,9.4977,9.4977,0
452,,,2023-10-04 00:00:00,9.22,9.22,9.22,9.22,0
453,,,2023-10-05 00:00:00,9.274,9.274,9.274,9.274,0
454,,,2023-10-06 00:00:00,9.245,9.245,9.245,9.245,0
455,,,2023-10-09 00:00:00,9.398,9.398,9.398,9.398,0
456,,,2023-10-10 00:00:00,9.493,9.493,9.493,9.493,0
457,,,2023-10-11 00:00:00,9.53,9.53,9.53,9.53,0
458,,,2023-10-12 00:00:00,9.545,9.528,9.584,9.528,15365
459,,,2023-10-13 00:00:00,9.452,9.452,9.452,9.452,0
460,,,2023-10-16 00:00:00,9.3272,9.3272,9.3272,9.3272,0
461,,,2023-10-17 00:00:00,9.4312,9.4312,9.4312,9.4312,0
462,,,2023-10-18 00:00:00,9.4325,9.4325,9.4325,9.4325,0
463,,,2023-10-19 00:00:00,9.3299,9.3299,9.3299,9.3299,0
464,,,2023-10-20 00:00:00,9.1422,9.1422,9.1422,9.1422,0
465,,,2023-10-23 00:00:00,9.0005,9.0005,9.0005,9.0005,0
466,,,2023-10-24 00:00:00,8.92,8.92,8.92,8.92,0
467,,,2023-10-25 00:00:00,9.0275,9.0275,9.0275,9.0275,0
468,,,2023-10-26 00:00:00,8.7542,8.7542,8.7542,8.7542,0
469,,,2023-10-27 00:00:00,8.8752,8.8752,8.8752,8.8752,0
470,,,2023-10-30 00:00:00,8.8995,8.8995,8.8995,8.8995,0
471,,,2023-10-31 00:00:00,8.8105,8.8105,8.8105,8.8105,0
472,,,2023-11-01 00:00:00,8.9665,8.9665,8.9665,8.9665,0
473,,,2023-11-02 00:00:00,8.9655,8.9655,8.9655,8.9655,0
474,,,2023-11-03 00:00:00,9.0432,9.0432,9.0432,9.0432,0
475,,,2023-11-06 00:00:00,9.2374,9.2374,9.2374,9.2374,0
476,,,2023-11-07 00:00:00,9.1944,9.1944,9.1944,9.1944,0
477,,,2023-11-09 00:00:00,9.3815,9.424,9.424,9.3815,950
478,,,2023-11-10 00:00:00,9.29,9.29,9.29,9.29,0
479,,,2023-11-13 00:00:00,9.4331,9.4331,9.4331,9.4331,0
480,,,2023-11-14 00:00:00,9.451,9.451,9.451,9.451,0
481,,,2023-11-15 00:00:00,9.6002,9.6002,9.6002,9.6002,0
482,,,2023-11-16 00:00:00,9.6045,9.6045,9.6045,9.6045,0
483,,,2023-11-17 00:00:00,9.5349,9.5349,9.5349,9.5349,0
484,,,2023-11-20 00:00:00,9.549,9.549,9.549,9.549,0
485,,,2023-11-21 00:00:00,9.6135,9.6135,9.6135,9.6135,0
486,,,2023-11-22 00:00:00,9.56,9.56,9.56,9.56,0
487,,,2023-11-23 00:00:00,9.6481,9.6481,9.6481,9.6481,0
488,,,2023-11-24 00:00:00,9.6,9.6,9.6,9.6,0
489,,,2023-11-27 00:00:00,9.5895,9.5895,9.5895,9.5895,0
490,,,2023-11-28 00:00:00,9.5615,9.5615,9.5615,9.5615,0
491,,,2023-11-29 00:00:00,9.614,9.614,9.614,9.614,0
492,,,2023-11-30 00:00:00,9.7855,9.7855,9.7855,9.7855,0
493,,,2023-12-01 00:00:00,9.7865,9.7865,9.7865,9.7865,0
494,,,2023-12-04 00:00:00,9.977,9.977,9.977,9.977,0
495,,,2023-12-05 00:00:00,10.0185,10.0185,10.0185,10.0185,0
496,,,2023-12-07 00:00:00,10.0697,10.098,10.098,10.0697,4
497,,,2023-12-08 00:00:00,10.052,10.052,10.052,10.052,0
498,,,2023-12-11 00:00:00,10.193,10.193,10.193,10.193,0
499,,,2023-12-12 00:00:00,10.2547,10.2547,10.2547,10.2547,0
500,,,2023-12-13 00:00:00,10.264,10.264,10.264,10.264,0
501,,,2023-12-14 00:00:00,10.339,10.339,10.339,10.339,0
502,,,2023-12-15 00:00:00,10.33,10.33,10.33,10.33,0
503,,,2023-12-18 00:00:00,10.391,10.391,10.391,10.391,0
504,,,2023-12-19 00:00:00,10.417,10.417,10.417,10.417,0
505,,,2023-12-20 00:00:00,10.441,10.441,10.441,10.441,0
506,,,2023-12-21 00:00:00,10.356,10.378,10.378,10.356,578
507,,,2023-12-22 00:00:00,10.381,10.381,10.381,10.381,0
508,,,2023-12-28 00:00:00,10.445,10.445,10.445,10.445,0
509,,,2023-12-29 00:00:00,10.536,10.5,10.536,10.5,106
510,,,2024-01-02 00:00:00,10.4491,10.4491,10.4491,10.4491,0
511,,,2024-01-03 00:00:00,10.219,10.18,10.219,10.18,150
512,,,2024-01-04 00:00:00,10.046,10.046,10.046,10.046,0
513,,,2024-01-05 00:00:00,10.0084,9.984,10.0084,9.984,150
514,,,2024-01-08 00:00:00,9.9725,9.9725,9.9725,9.9725,0
515,,,2024-01-09 00:00:00,10.19,10.19,10.19,10.19,0
516,,,2024-01-10 00:00:00,10.234,10.2319,10.234,10.2319,60
517,,,2024-01-11 00:00:00,10.337,10.337,10.337,10.337,0
518,,,2024-01-12 00:00:00,10.34,10.34,10.34,10.34,0
519,,,2024-01-15 00:00:00,10.3971,10.3971,10.3971,10.3971,0
520,,,2024-01-16 00:00:00,10.321,10.321,10.321,10.321,0
521,,,2024-01-17 00:00:00,10.293,10.293,10.293,10.293,0
522,,,2024-01-18 00:00:00,10.272,10.272,10.272,10.272,0
523,,,2024-01-19 00:00:00,10.399,10.399,10.399,10.399,0
524,,,2024-01-22 00:00:00,10.4911,10.4911,10.4911,10.4911,0
525,,,2024-01-23 00:00:00,10.6217,10.6217,10.6217,10.6217,0
526,,,2024-01-24 00:00:00,10.761,10.761,10.761,10.761,0
527,,,2024-01-25 00:00:00,10.688,10.688,10.688,10.688,0
528,,,2024-01-26 00:00:00,10.694,10.714,10.714,10.694,250
529,,,2024-01-29 00:00:00,10.703,10.703,10.703,10.703,0
530,,,2024-01-30 00:00:00,10.863,10.863,10.863,10.863,0
531,,,2024-01-31 00:00:00,10.708,10.708,10.708,10.708,0
532,,,2024-02-01 00:00:00,10.6154,10.6154,10.6154,10.6154,0
533,,,2024-02-02 00:00:00,10.6577,10.606,10.6577,10.606,150
534,,,2024-02-05 00:00:00,10.6836,10.6836,10.6836,10.6836,0
535,,,2024-02-06 00:00:00,10.672,10.672,10.672,10.672,0
536,,,2024-02-07 00:00:00,10.6867,10.69,10.69,10.6867,100
537,,,2024-02-08 00:00:00,10.735,10.735,10.735,10.735,0
538,,,2024-02-09 00:00:00,10.905,10.914,10.914,10.905,96
539,,,2024-02-12 00:00:00,11.038,11.0837,11.0837,11.038,150
540,,,2024-02-13 00:00:00,11.044,10.732,11.044,10.732,1690
541,,,2024-02-14 00:00:00,10.769,10.769,10.769,10.769,0
542,,,2024-02-15 00:00:00,10.938,10.938,10.938,10.938,0
543,,,2024-02-16 00:00:00,10.939,10.939,10.939,10.939,0
544,,,2024-02-19 00:00:00,10.784,10.784,10.784,10.784,150
545,,,2024-02-20 00:00:00,10.757,10.714,10.757,10.714,150
546,,,2024-02-21 00:00:00,10.513,10.513,10.513,10.513,0
547,,,2024-02-22 00:00:00,10.447,10.447,10.447,10.447,0
548,,,2024-02-23 00:00:00,10.562,10.6056,10.6056,10.562,4
549,,,2024-02-26 00:00:00,10.611,10.611,10.611,10.611,0
550,,,2024-02-27 00:00:00,10.699,10.699,10.699,10.699,0
551,,,2024-02-28 00:00:00,10.706,10.706,10.706,10.706,0
552,,,2024-02-29 00:00:00,10.672,10.672,10.672,10.672,0
553,,,2024-03-01 00:00:00,10.9078,10.9078,10.9078,10.9078,0
554,,,2024-03-04 00:00:00,10.918,10.918,10.918,10.918,0
555,,,2024-03-05 00:00:00,10.7937,10.5323,10.7937,10.5323,152
556,,,2024-03-06 00:00:00,10.653,10.653,10.653,10.653,0
557,,,2024-03-07 00:00:00,10.6286,10.6644,10.6644,10.6286,150
558,,,2024-03-08 00:00:00,10.7129,10.7129,10.7129,10.7129,0
559,,,2024-03-11 00:00:00,10.6909,10.764,10.764,10.6909,20
560,,,2024-03-12 00:00:00,10.8237,10.8237,10.8237,10.8237,0
561,,,2024-03-13 00:00:00,10.8523,10.8523,10.8523,10.8523,0
562,,,2024-03-14 00:00:00,10.803,10.694,10.819,10.694,155
563,,,2024-03-15 00:00:00,10.6773,10.6773,10.6773,10.6773,0
564,,,2024-03-18 00:00:00,10.5777,10.5777,10.5777,10.5777,0
565,,,2024-03-19 00:00:00,10.6394,10.6394,10.6394,10.6394,0
566,,,2024-03-20 00:00:00,10.6921,10.6921,10.6921,10.6921,0
567,,,2024-03-21 00:00:00,10.867,10.867,10.867,10.867,0
568,,,2024-03-22 00:00:00,10.896,10.896,10.896,10.896,0
569,,,2024-03-25 00:00:00,10.7481,10.724,10.7481,10.724,120
570,,,2024-03-26 00:00:00,10.773,10.773,10.773,10.773,0
571,,,2024-03-27 00:00:00,10.711,10.711,10.711,10.711,0
